model,feature_set,horizon,split,MAE,RMSE,R2,r,Bias,MAPE,sMAPE,WAPE,nMAE,nRMSE,range_y,n,pinball_loss,coverage_50,sharpness_50,coverage_90,sharpness_90
MLP-QuantileRegression-Optuna,ACQUA,t+1,train,11.1646,14.0993,0.3296,0.6164,2.9584,31.13,24.52,21.91,0.1392,0.1758,80.2128,1108,3.3636,0.5406,21.0902,0.8682,42.7293
MLP-QuantileRegression-Optuna,ACQUA,t+2,train,11.0596,13.9622,0.3391,0.6189,2.7072,30.73,24.38,21.75,0.1379,0.1741,80.2128,1108,3.337,0.5244,20.4206,0.8755,42.7506
MLP-QuantileRegression-Optuna,ACQUA,t+3,train,10.952,13.8096,0.3495,0.6218,2.2097,30.3,24.22,21.59,0.1365,0.1722,80.2128,1108,3.3204,0.5063,20.1053,0.8736,43.3483
MLP-QuantileRegression-Optuna,ACQUA,t+4,train,10.82,13.6866,0.3578,0.6305,2.6717,30.16,24.01,21.38,0.1349,0.1706,80.2128,1108,3.2934,0.5181,19.9018,0.852,41.1057
MLP-QuantileRegression-Optuna,ACQUA,t+5,train,10.8864,13.7515,0.3496,0.6256,2.4599,30.49,24.23,21.57,0.1357,0.1714,80.2128,1108,3.3137,0.5108,19.0221,0.8619,42.0908
MLP-QuantileRegression-Optuna,ACQUA,t+6,train,10.9903,13.842,0.3391,0.622,2.6987,31.07,24.51,21.82,0.137,0.1726,80.2128,1108,3.3219,0.5117,19.9171,0.8926,43.7156
MLP-QuantileRegression-Optuna,ACQUA,t+7,train,10.9507,13.6798,0.3525,0.6187,1.676,30.36,24.47,21.79,0.1365,0.1705,80.2128,1108,3.3222,0.4946,19.2811,0.8881,43.9308
MLP-QuantileRegression-Optuna,ACQUA,ALL,train,10.9748,13.8337,0.3454,0.6211,2.4831,30.61,24.33,21.69,0.1368,0.1725,80.2128,7756,3.3246,0.5152,19.9626,0.8731,42.8102
MLP-QuantileRegression-Optuna,ACQUA,t+1,val,9.7193,11.6646,0.1847,0.4872,2.9539,24.62,20.91,19.47,0.1777,0.2132,54.7076,135,2.8405,0.6,22.0797,0.9852,42.2964
MLP-QuantileRegression-Optuna,ACQUA,t+2,val,9.8746,11.76,0.1623,0.4653,2.9869,24.96,21.29,19.94,0.1786,0.2127,55.2959,135,2.8823,0.5704,21.547,0.9926,43.0344
MLP-QuantileRegression-Optuna,ACQUA,t+3,val,10.0861,11.9175,0.1326,0.4349,2.9987,25.51,21.85,20.61,0.1916,0.2264,52.6303,135,2.9234,0.5407,21.128,0.9926,43.5526
MLP-QuantileRegression-Optuna,ACQUA,t+4,val,10.373,12.2662,0.0705,0.4091,3.7612,26.48,22.53,21.44,0.2043,0.2415,50.782,135,2.946,0.5407,20.9984,0.9926,41.4987
MLP-QuantileRegression-Optuna,ACQUA,t+5,val,10.503,12.3225,0.0546,0.394,3.869,26.91,22.93,21.92,0.2054,0.2409,51.1448,135,2.9849,0.5037,19.9942,0.9778,42.1995
MLP-QuantileRegression-Optuna,ACQUA,t+6,val,10.7568,12.64,-0.0042,0.3411,4.0345,27.68,23.5,22.53,0.2124,0.2496,50.6437,135,3.03,0.4963,20.9506,0.9852,43.6761
MLP-QuantileRegression-Optuna,ACQUA,t+7,val,10.8849,12.6364,0.0267,0.318,2.8617,27.45,23.84,22.82,0.2078,0.2412,52.3881,135,3.1054,0.4889,20.2734,0.9704,43.7495
MLP-QuantileRegression-Optuna,ACQUA,ALL,val,10.314,12.1781,0.0943,0.41,3.3523,26.23,22.41,21.23,0.1858,0.2194,55.5171,945,2.9589,0.5344,20.9959,0.9852,42.8582
MLP-QuantileRegression-Optuna,ACQUA,t+1,test,10.6331,12.8506,0.0455,0.3241,2.2735,26.85,22.94,21.89,0.2028,0.2452,52.4191,144,3.1795,0.5625,22.7563,0.9514,43.1824
MLP-QuantileRegression-Optuna,ACQUA,t+2,test,10.5882,12.814,0.0181,0.3038,2.291,26.72,22.91,21.95,0.2018,0.2443,52.4615,144,3.1709,0.5833,22.2431,0.9514,44.2652
MLP-QuantileRegression-Optuna,ACQUA,t+3,test,10.4657,12.657,0.0131,0.2951,2.0946,26.37,22.79,21.82,0.1995,0.2413,52.4615,144,3.1519,0.5486,21.9361,0.9583,44.9293
MLP-QuantileRegression-Optuna,ACQUA,t+4,test,10.8543,13.1362,-0.0798,0.228,2.551,27.45,23.6,22.76,0.2069,0.2504,52.4615,144,3.2305,0.5694,21.7792,0.9444,42.9936
MLP-QuantileRegression-Optuna,ACQUA,t+5,test,10.8633,13.1367,-0.0821,0.1966,2.3314,27.63,23.69,22.8,0.2071,0.2504,52.4615,144,3.2561,0.5139,20.5812,0.9167,43.6699
MLP-QuantileRegression-Optuna,ACQUA,t+6,test,11.1846,13.5342,-0.1331,0.1335,2.4818,28.43,24.28,23.46,0.2132,0.258,52.4615,144,3.3734,0.5625,21.7586,0.9375,44.9736
MLP-QuantileRegression-Optuna,ACQUA,t+7,test,11.1369,13.6907,-0.1217,0.118,1.7571,29.11,24.61,23.55,0.1824,0.2243,61.0471,144,3.4156,0.5417,20.919,0.9306,45.0756
MLP-QuantileRegression-Optuna,ACQUA,ALL,test,10.818,13.1218,-0.0465,0.233,2.2544,27.51,23.54,22.6,0.1707,0.2071,63.3612,1008,3.254,0.5546,21.7105,0.9415,44.1557
MLP-QuantileRegression-Optuna,TERRA,t+1,train,1.4889,3.106,0.9675,0.9839,-0.3387,3.39,3.37,2.92,0.0186,0.0387,80.2128,1108,0.5646,0.7942,3.3297,0.9513,9.2572
MLP-QuantileRegression-Optuna,TERRA,t+2,train,2.1136,4.4863,0.9318,0.9663,-0.7432,4.51,4.62,4.16,0.0263,0.0559,80.2128,1108,0.7683,0.6922,3.4769,0.9449,12.7577
MLP-QuantileRegression-Optuna,TERRA,t+3,train,2.7499,5.3411,0.9027,0.9517,-0.9311,5.8,5.98,5.42,0.0343,0.0666,80.2128,1108,0.9598,0.6516,4.593,0.9431,15.5464
MLP-QuantileRegression-Optuna,TERRA,t+4,train,3.2186,5.8061,0.8844,0.9425,-0.9891,6.79,6.95,6.36,0.0401,0.0724,80.2128,1108,1.0912,0.6444,5.6409,0.9143,15.9053
MLP-QuantileRegression-Optuna,TERRA,t+5,train,3.6102,5.9988,0.8762,0.937,-0.7051,7.83,7.81,7.15,0.045,0.0748,80.2128,1108,1.1947,0.6264,6.517,0.9206,17.0906
MLP-QuantileRegression-Optuna,TERRA,t+6,train,3.9321,6.2895,0.8636,0.9303,-0.7494,8.57,8.47,7.81,0.049,0.0784,80.2128,1108,1.2863,0.5839,6.8791,0.9134,17.8924
MLP-QuantileRegression-Optuna,TERRA,t+7,train,4.2105,6.5522,0.8514,0.9242,-0.8767,9.16,9.02,8.38,0.0525,0.0817,80.2128,1108,1.3701,0.5614,7.1434,0.9179,19.2678
MLP-QuantileRegression-Optuna,TERRA,ALL,train,3.0462,5.4836,0.8971,0.9482,-0.7619,6.58,6.6,6.02,0.038,0.0684,80.2128,7756,1.0336,0.6506,5.3686,0.9293,15.3882
MLP-QuantileRegression-Optuna,TERRA,t+1,val,1.2057,2.8888,0.95,0.9764,-0.7298,2.41,2.54,2.41,0.022,0.0528,54.7076,135,0.4918,0.8074,3.01,0.963,8.3869
MLP-QuantileRegression-Optuna,TERRA,t+2,val,1.8194,4.0997,0.8982,0.9517,-1.0199,3.53,3.79,3.67,0.0329,0.0741,55.2959,135,0.7044,0.7481,3.0985,0.9556,11.7938
MLP-QuantileRegression-Optuna,TERRA,t+3,val,2.0466,3.8565,0.9092,0.9565,-0.9529,4.08,4.28,4.18,0.0389,0.0733,52.6303,135,0.7557,0.7259,4.0517,0.963,14.5076
MLP-QuantileRegression-Optuna,TERRA,t+4,val,2.1483,3.5102,0.9239,0.9635,-0.8543,4.34,4.47,4.44,0.0423,0.0691,50.782,135,0.7909,0.7037,4.9133,0.963,15.1354
MLP-QuantileRegression-Optuna,TERRA,t+5,val,2.482,3.5942,0.9196,0.9598,-0.4633,5.04,5.1,5.18,0.0485,0.0703,51.1448,135,0.8842,0.6593,5.7574,0.9778,16.5969
MLP-QuantileRegression-Optuna,TERRA,t+6,val,3.0675,4.3324,0.882,0.9405,-0.6011,6.13,6.23,6.43,0.0606,0.0855,50.6437,135,1.0476,0.6074,6.3083,0.963,17.8356
MLP-QuantileRegression-Optuna,TERRA,t+7,val,3.8105,5.374,0.824,0.9102,-0.8147,7.47,7.63,7.99,0.0727,0.1026,52.3881,135,1.2844,0.5481,6.7754,0.9556,19.2868
MLP-QuantileRegression-Optuna,TERRA,ALL,val,2.3686,4.0163,0.9015,0.9514,-0.7766,4.72,4.86,4.87,0.0427,0.0723,55.5171,945,0.8513,0.6857,4.8449,0.963,14.7919
MLP-QuantileRegression-Optuna,TERRA,t+1,test,1.8115,4.2283,0.8967,0.9499,-0.942,3.49,3.72,3.73,0.0346,0.0807,52.4191,144,0.6918,0.7431,3.3041,0.9375,9.1693
MLP-QuantileRegression-Optuna,TERRA,t+2,test,2.55,5.2179,0.8372,0.9216,-1.1766,4.99,5.35,5.29,0.0486,0.0995,52.4615,144,0.9099,0.6111,3.4999,0.9375,12.955
MLP-QuantileRegression-Optuna,TERRA,t+3,test,3.194,5.6589,0.8027,0.9047,-1.2247,6.34,6.75,6.66,0.0609,0.1079,52.4615,144,1.1145,0.5625,4.7221,0.9444,15.6087
MLP-QuantileRegression-Optuna,TERRA,t+4,test,3.681,5.9529,0.7783,0.8929,-1.1595,7.56,7.95,7.72,0.0702,0.1135,52.4615,144,1.2839,0.5278,5.6688,0.8958,16.0426
MLP-QuantileRegression-Optuna,TERRA,t+5,test,4.2625,6.4148,0.742,0.8725,-0.9061,8.87,9.19,8.95,0.0812,0.1223,52.4615,144,1.467,0.5069,6.4382,0.8819,17.4943
MLP-QuantileRegression-Optuna,TERRA,t+6,test,4.9996,7.2236,0.6772,0.8395,-1.0543,10.41,10.77,10.49,0.0953,0.1377,52.4615,144,1.6916,0.4375,6.8465,0.8611,18.4306
MLP-QuantileRegression-Optuna,TERRA,t+7,test,5.9155,7.9992,0.6171,0.8041,-0.7581,13.26,13.24,12.51,0.0969,0.131,61.0471,144,1.9508,0.3819,7.3076,0.8264,19.7646
MLP-QuantileRegression-Optuna,TERRA,ALL,test,3.7734,6.2092,0.7657,0.8842,-1.0316,7.85,8.14,7.88,0.0596,0.098,63.3612,1008,1.3014,0.5387,5.3982,0.8978,15.6379
MLP-QuantileRegression-Optuna,METEO,t+1,train,9.2187,11.8666,0.5251,0.7552,2.8628,25.6,20.73,18.09,0.1149,0.1479,80.2128,1108,2.7564,0.5262,17.8097,0.8899,33.9797
MLP-QuantileRegression-Optuna,METEO,t+2,train,9.1866,11.9424,0.5165,0.7574,2.7394,25.78,20.76,18.07,0.1145,0.1489,80.2128,1108,2.7463,0.5343,17.9714,0.8908,33.6049
MLP-QuantileRegression-Optuna,METEO,t+3,train,9.0102,11.6,0.541,0.76,2.1871,24.92,20.44,17.76,0.1123,0.1446,80.2128,1108,2.7123,0.5054,16.858,0.9007,34.0759
MLP-QuantileRegression-Optuna,METEO,t+4,train,8.8357,11.3173,0.5609,0.7631,1.6101,24.04,20.11,17.46,0.1102,0.1411,80.2128,1108,2.6959,0.546,17.9033,0.8926,32.4079
MLP-QuantileRegression-Optuna,METEO,t+5,train,8.8197,11.2445,0.5651,0.7652,1.6342,24.06,20.08,17.47,0.11,0.1402,80.2128,1108,2.687,0.5433,17.8679,0.8818,31.9939
MLP-QuantileRegression-Optuna,METEO,t+6,train,8.8461,11.3134,0.5585,0.7672,2.0316,24.5,20.18,17.56,0.1103,0.141,80.2128,1108,2.6809,0.5199,17.0905,0.8917,32.7616
MLP-QuantileRegression-Optuna,METEO,t+7,train,8.9974,11.5313,0.5399,0.7591,2.001,25.09,20.53,17.9,0.1122,0.1438,80.2128,1108,2.7175,0.5632,18.6321,0.8908,33.6676
MLP-QuantileRegression-Optuna,METEO,ALL,train,8.9878,11.5479,0.5438,0.7598,2.1523,24.85,20.4,17.76,0.112,0.144,80.2128,7756,2.7138,0.534,17.7333,0.8912,33.2131
MLP-QuantileRegression-Optuna,METEO,t+1,val,9.0857,10.8115,0.2996,0.6312,3.0823,23.11,19.73,18.2,0.1661,0.1976,54.7076,135,2.5326,0.5481,19.9857,0.9852,36.1419
MLP-QuantileRegression-Optuna,METEO,t+2,val,9.4336,11.0722,0.2574,0.5904,3.227,23.86,20.45,19.05,0.1706,0.2002,55.2959,135,2.5871,0.5037,19.5046,0.963,34.5671
MLP-QuantileRegression-Optuna,METEO,t+3,val,9.6339,11.1769,0.2371,0.5255,2.4426,23.93,21.0,19.68,0.183,0.2124,52.6303,135,2.678,0.4222,17.8145,0.9704,35.5926
MLP-QuantileRegression-Optuna,METEO,t+4,val,9.902,11.375,0.2007,0.475,1.9105,24.18,21.68,20.47,0.195,0.224,50.782,135,2.7522,0.4222,18.2845,0.9037,33.9081
MLP-QuantileRegression-Optuna,METEO,t+5,val,10.014,11.5611,0.1678,0.4367,1.7459,24.72,22.09,20.9,0.1958,0.226,51.1448,135,2.7975,0.4519,18.554,0.8963,33.9427
MLP-QuantileRegression-Optuna,METEO,t+6,val,10.2178,11.886,0.1121,0.3882,2.1107,25.61,22.54,21.4,0.2018,0.2347,50.6437,135,2.8493,0.4519,18.202,0.8519,33.0697
MLP-QuantileRegression-Optuna,METEO,t+7,val,10.3016,12.1932,0.0938,0.3572,2.1925,26.13,22.72,21.6,0.1966,0.2327,52.3881,135,2.9252,0.4963,19.9681,0.8815,33.8503
MLP-QuantileRegression-Optuna,METEO,ALL,val,9.7984,11.448,0.1996,0.4842,2.3874,24.51,21.46,20.17,0.1765,0.2062,55.5171,945,2.7317,0.4709,18.9019,0.9217,34.4389
MLP-QuantileRegression-Optuna,METEO,t+1,test,10.141,12.0488,0.1609,0.4014,0.0026,24.21,22.09,20.88,0.1935,0.2299,52.4191,144,3.1108,0.5069,22.1131,0.9444,39.6761
MLP-QuantileRegression-Optuna,METEO,t+2,test,10.0288,11.901,0.153,0.3926,0.4014,24.31,21.97,20.79,0.1912,0.2269,52.4615,144,3.0418,0.5486,21.9758,0.8611,37.7379
MLP-QuantileRegression-Optuna,METEO,t+3,test,9.8516,11.8674,0.1324,0.3696,-0.5242,23.48,21.7,20.54,0.1878,0.2262,52.4615,144,2.9743,0.5556,21.0978,0.9514,39.3537
MLP-QuantileRegression-Optuna,METEO,t+4,test,9.9582,12.1817,0.0715,0.3155,-1.3756,23.23,22.04,20.88,0.1898,0.2322,52.4615,144,3.0085,0.5833,21.6277,0.8681,37.7877
MLP-QuantileRegression-Optuna,METEO,t+5,test,9.8061,11.9207,0.109,0.3503,-1.2176,23.06,21.73,20.58,0.1869,0.2272,52.4615,144,2.9989,0.5694,21.7153,0.8611,37.3067
MLP-QuantileRegression-Optuna,METEO,t+6,test,9.9743,12.0984,0.0946,0.3212,-0.3414,23.69,21.92,20.92,0.1901,0.2306,52.4615,144,3.0696,0.5486,21.1265,0.8542,37.1262
MLP-QuantileRegression-Optuna,METEO,t+7,test,10.0316,12.1234,0.1204,0.3507,0.6238,25.36,22.45,21.22,0.1643,0.1986,61.0471,144,3.0813,0.5903,23.3306,0.8681,38.0825
MLP-QuantileRegression-Optuna,METEO,ALL,test,9.9702,12.0207,0.1217,0.3553,-0.3473,23.9,21.99,20.83,0.1574,0.1897,63.3612,1008,3.0407,0.5575,21.8553,0.8869,38.153
MLP-QuantileRegression-Optuna,TERRA_ACQUA,t+1,train,1.7328,3.3282,0.9626,0.9834,-0.9334,4.12,4.27,3.4,0.0216,0.0415,80.2128,1108,0.5639,0.611,2.6564,0.9495,9.3411
MLP-QuantileRegression-Optuna,TERRA_ACQUA,t+2,train,2.2534,4.3297,0.9364,0.9726,-1.1253,5.33,5.61,4.43,0.0281,0.054,80.2128,1108,0.7235,0.5821,3.4759,0.9314,9.7446
MLP-QuantileRegression-Optuna,TERRA_ACQUA,t+3,train,2.506,4.7283,0.9237,0.9654,-1.0356,5.68,5.93,4.94,0.0312,0.0589,80.2128,1108,0.8254,0.556,3.744,0.9531,12.2063
MLP-QuantileRegression-Optuna,TERRA_ACQUA,t+4,train,2.5941,4.8637,0.9189,0.9604,-0.7288,5.6,5.74,5.13,0.0323,0.0606,80.2128,1108,0.8723,0.6146,4.518,0.9549,13.8834
MLP-QuantileRegression-Optuna,TERRA_ACQUA,t+5,train,2.8216,4.9746,0.9149,0.9582,-0.6975,6.13,6.23,5.59,0.0352,0.062,80.2128,1108,0.958,0.6309,5.375,0.9513,15.268
MLP-QuantileRegression-Optuna,TERRA_ACQUA,t+6,train,3.2235,5.4106,0.899,0.9524,-1.0664,7.18,7.39,6.4,0.0402,0.0675,80.2128,1108,1.0611,0.565,5.1657,0.9468,15.497
MLP-QuantileRegression-Optuna,TERRA_ACQUA,t+7,train,3.536,5.7459,0.8858,0.9449,-1.0144,7.88,8.03,7.04,0.0441,0.0716,80.2128,1108,1.1638,0.5271,5.2915,0.9513,17.6806
MLP-QuantileRegression-Optuna,TERRA_ACQUA,ALL,train,2.6668,4.8236,0.9204,0.9625,-0.9431,5.99,6.17,5.27,0.0332,0.0601,80.2128,7756,0.8812,0.5838,4.3181,0.9483,13.3744
MLP-QuantileRegression-Optuna,TERRA_ACQUA,t+1,val,1.7593,3.1666,0.9399,0.9723,-0.6827,3.84,4.02,3.52,0.0322,0.0579,54.7076,135,0.582,0.4444,1.9711,0.8963,7.2078
MLP-QuantileRegression-Optuna,TERRA_ACQUA,t+2,val,2.4553,4.2029,0.893,0.9521,-1.0168,5.38,5.67,4.96,0.0444,0.076,55.2959,135,0.8126,0.4519,2.6682,0.8,7.6162
MLP-QuantileRegression-Optuna,TERRA_ACQUA,t+3,val,2.4488,3.6632,0.918,0.9611,-0.7539,5.41,5.53,5.0,0.0465,0.0696,52.6303,135,0.7894,0.4593,2.9692,0.8741,10.2098
MLP-QuantileRegression-Optuna,TERRA_ACQUA,t+4,val,2.4289,3.45,0.9265,0.9627,-0.2403,5.23,5.21,5.02,0.0478,0.0679,50.782,135,0.8124,0.4963,3.642,0.9111,12.5259
MLP-QuantileRegression-Optuna,TERRA_ACQUA,t+5,val,2.6993,3.7097,0.9143,0.9565,0.01,5.93,5.84,5.63,0.0528,0.0725,51.1448,135,0.8962,0.5185,4.4685,0.9111,14.1442
MLP-QuantileRegression-Optuna,TERRA_ACQUA,t+6,val,3.1795,4.3985,0.8784,0.9376,-0.3267,6.76,6.74,6.66,0.0628,0.0869,50.6437,135,1.0576,0.4667,4.5798,0.8815,14.7171
MLP-QuantileRegression-Optuna,TERRA_ACQUA,t+7,val,3.8421,5.3442,0.8259,0.9092,-0.3331,7.94,7.93,8.05,0.0733,0.102,52.3881,135,1.2672,0.4815,5.1338,0.9037,17.3084
MLP-QuantileRegression-Optuna,TERRA_ACQUA,ALL,val,2.6876,4.0476,0.8999,0.9497,-0.4776,5.78,5.85,5.53,0.0484,0.0729,55.5171,945,0.8882,0.4741,3.6332,0.8825,11.9613
MLP-QuantileRegression-Optuna,TERRA_ACQUA,t+1,test,2.7101,4.6597,0.8745,0.9446,-1.4823,5.67,6.01,5.58,0.0517,0.0889,52.4191,144,0.9597,0.3264,2.4462,0.7847,9.0496
MLP-QuantileRegression-Optuna,TERRA_ACQUA,t+2,test,3.8539,6.0547,0.7808,0.9054,-1.9665,7.94,8.48,7.99,0.0735,0.1154,52.4615,144,1.3388,0.2986,3.2397,0.7292,9.7735
MLP-QuantileRegression-Optuna,TERRA_ACQUA,t+3,test,4.4249,6.6399,0.7284,0.8794,-2.1419,8.95,9.5,9.22,0.0843,0.1266,52.4615,144,1.5949,0.2778,3.6324,0.75,12.3345
MLP-QuantileRegression-Optuna,TERRA_ACQUA,t+4,test,4.6934,7.003,0.6931,0.8546,-2.0133,9.3,9.76,9.84,0.0895,0.1335,52.4615,144,1.7383,0.3264,4.4103,0.7361,14.5815
MLP-QuantileRegression-Optuna,TERRA_ACQUA,t+5,test,5.2214,7.5323,0.6443,0.8318,-2.3285,10.44,10.99,10.96,0.0995,0.1436,52.4615,144,1.8432,0.3333,5.2955,0.75,16.0489
MLP-QuantileRegression-Optuna,TERRA_ACQUA,t+6,test,6.0893,8.4287,0.5605,0.8002,-2.976,12.4,13.2,12.77,0.1161,0.1607,52.4615,144,2.1485,0.3264,5.323,0.7222,16.4718
MLP-QuantileRegression-Optuna,TERRA_ACQUA,t+7,test,6.9637,9.5071,0.4591,0.7339,-2.6374,14.82,15.47,14.73,0.1141,0.1557,61.0471,144,2.4402,0.2708,5.7031,0.6806,18.8885
MLP-QuantileRegression-Optuna,TERRA_ACQUA,ALL,test,4.851,7.267,0.679,0.852,-2.2208,9.93,10.49,10.13,0.0766,0.1147,63.3612,1008,1.7234,0.3085,4.2929,0.7361,13.8783
MLP-QuantileRegression-Optuna,TERRA_METEO,t+1,train,2.2348,3.5697,0.957,0.9783,-0.0851,5.29,5.19,4.39,0.0279,0.0445,80.2128,1108,0.8241,0.7662,5.7705,0.963,14.2094
MLP-QuantileRegression-Optuna,TERRA_METEO,t+2,train,2.7,4.5153,0.9309,0.9649,0.2475,6.28,6.15,5.31,0.0337,0.0563,80.2128,1108,0.9636,0.6958,5.5651,0.9386,14.9141
MLP-QuantileRegression-Optuna,TERRA_METEO,t+3,train,3.0916,5.1057,0.9111,0.9545,0.1331,7.11,6.94,6.1,0.0385,0.0637,80.2128,1108,1.0933,0.6643,5.8626,0.926,16.0898
MLP-QuantileRegression-Optuna,TERRA_METEO,t+4,train,3.5271,5.62,0.8917,0.9444,-0.0164,8.07,7.84,6.97,0.044,0.0701,80.2128,1108,1.2176,0.6381,6.0653,0.9197,17.4525
MLP-QuantileRegression-Optuna,TERRA_METEO,t+5,train,3.8801,6.1052,0.8718,0.9338,-0.2194,8.76,8.53,7.69,0.0484,0.0761,80.2128,1108,1.3323,0.5912,6.2287,0.9097,18.6719
MLP-QuantileRegression-Optuna,TERRA_METEO,t+6,train,4.261,6.6109,0.8493,0.9221,-0.1115,9.63,9.33,8.46,0.0531,0.0824,80.2128,1108,1.4464,0.5505,6.2777,0.8971,18.9474
MLP-QuantileRegression-Optuna,TERRA_METEO,t+7,train,4.6926,7.1407,0.8236,0.9084,-0.132,10.56,10.24,9.34,0.0585,0.089,80.2128,1108,1.5822,0.5496,6.9428,0.8953,20.3157
MLP-QuantileRegression-Optuna,TERRA_METEO,ALL,train,3.4839,5.641,0.8912,0.9441,-0.0263,7.96,7.74,6.89,0.0434,0.0703,80.2128,7756,1.2085,0.6365,6.1018,0.9214,17.2287
MLP-QuantileRegression-Optuna,TERRA_METEO,t+1,val,2.1185,3.2486,0.9368,0.9682,0.3059,4.61,4.63,4.24,0.0387,0.0594,54.7076,135,0.7258,0.6815,4.8983,0.9778,12.761
MLP-QuantileRegression-Optuna,TERRA_METEO,t+2,val,2.522,4.0178,0.9022,0.9506,0.4723,5.41,5.4,5.09,0.0456,0.0727,55.2959,135,0.8895,0.6519,4.8325,0.9556,13.5172
MLP-QuantileRegression-Optuna,TERRA_METEO,t+3,val,2.6582,4.0234,0.9011,0.9498,0.3965,5.79,5.69,5.43,0.0505,0.0764,52.6303,135,0.9399,0.6519,5.2446,0.9556,14.9164
MLP-QuantileRegression-Optuna,TERRA_METEO,t+4,val,2.8918,4.1003,0.8961,0.9474,0.3068,6.44,6.25,5.98,0.0569,0.0807,50.782,135,0.9914,0.637,5.7549,0.9333,16.5331
MLP-QuantileRegression-Optuna,TERRA_METEO,t+5,val,3.1728,4.3825,0.8804,0.9388,0.1419,7.01,6.79,6.62,0.062,0.0857,51.1448,135,1.0667,0.5926,6.1609,0.9333,17.7233
MLP-QuantileRegression-Optuna,TERRA_METEO,t+6,val,3.634,4.993,0.8433,0.9183,-0.0102,7.9,7.72,7.61,0.0718,0.0986,50.6437,135,1.2025,0.5481,6.4597,0.9407,18.5816
MLP-QuantileRegression-Optuna,TERRA_METEO,t+7,val,4.2113,5.918,0.7865,0.8872,-0.3288,8.96,8.83,8.83,0.0804,0.113,52.3881,135,1.4076,0.563,7.2534,0.9333,20.1173
MLP-QuantileRegression-Optuna,TERRA_METEO,ALL,val,3.0298,4.4538,0.8789,0.9376,0.1835,6.59,6.47,6.24,0.0546,0.0802,55.5171,945,1.0319,0.618,5.8006,0.9471,16.3071
MLP-QuantileRegression-Optuna,TERRA_METEO,t+1,test,2.9371,4.7598,0.869,0.9336,0.0499,6.19,6.29,6.05,0.056,0.0908,52.4191,144,1.019,0.6111,5.2082,0.9444,13.5556
MLP-QuantileRegression-Optuna,TERRA_METEO,t+2,test,3.5234,5.543,0.8163,0.9067,0.4233,7.44,7.44,7.3,0.0672,0.1057,52.4615,144,1.2428,0.5139,5.2012,0.8889,14.8321
MLP-QuantileRegression-Optuna,TERRA_METEO,t+3,test,3.9282,5.8049,0.7924,0.8932,0.3741,8.36,8.25,8.19,0.0749,0.1107,52.4615,144,1.3556,0.5347,5.7173,0.8611,16.2093
MLP-QuantileRegression-Optuna,TERRA_METEO,t+4,test,4.3053,6.2317,0.757,0.8725,0.2632,9.32,9.08,9.03,0.0821,0.1188,52.4615,144,1.4767,0.5069,6.1778,0.8681,17.8391
MLP-QuantileRegression-Optuna,TERRA_METEO,t+5,test,4.8258,6.7744,0.7122,0.8471,-0.2096,10.47,10.26,10.13,0.092,0.1291,52.4615,144,1.6042,0.4444,6.4954,0.8681,19.0398
MLP-QuantileRegression-Optuna,TERRA_METEO,t+6,test,5.3382,7.7001,0.6332,0.803,-0.5092,11.48,11.31,11.2,0.1018,0.1468,52.4615,144,1.8232,0.4514,6.6919,0.8681,19.651
MLP-QuantileRegression-Optuna,TERRA_METEO,t+7,test,6.2189,8.5649,0.561,0.7578,-0.4086,14.21,13.62,13.15,0.1019,0.1403,61.0471,144,2.0997,0.4306,7.4729,0.8472,21.1725
MLP-QuantileRegression-Optuna,TERRA_METEO,ALL,test,4.4396,6.595,0.7356,0.861,-0.0024,9.64,9.47,9.27,0.0701,0.1041,63.3612,1008,1.5173,0.499,6.1378,0.878,17.4714
MLP-QuantileRegression-Optuna,ACQUA_METEO,t+1,train,9.0898,11.4634,0.5568,0.7592,2.1895,24.29,20.35,17.84,0.1133,0.1429,80.2128,1108,2.7553,0.4937,17.1793,0.9341,37.9408
MLP-QuantileRegression-Optuna,ACQUA_METEO,t+2,train,9.0055,11.3827,0.5607,0.7666,2.4991,24.39,20.25,17.71,0.1123,0.1419,80.2128,1108,2.731,0.4973,17.2276,0.9305,37.1511
MLP-QuantileRegression-Optuna,ACQUA_METEO,t+3,train,8.8306,11.2234,0.5703,0.7744,2.3173,24.12,20.02,17.41,0.1101,0.1399,80.2128,1108,2.6756,0.5352,17.8147,0.9341,36.7072
MLP-QuantileRegression-Optuna,ACQUA_METEO,t+4,train,8.7026,11.0763,0.5794,0.7768,1.9696,23.67,19.82,17.2,0.1085,0.1381,80.2128,1108,2.6493,0.5587,18.05,0.9332,36.671
MLP-QuantileRegression-Optuna,ACQUA_METEO,t+5,train,8.8816,11.1947,0.5689,0.7737,2.3988,24.4,20.22,17.6,0.1107,0.1396,80.2128,1108,2.6565,0.5361,17.591,0.9332,36.6748
MLP-QuantileRegression-Optuna,ACQUA_METEO,t+6,train,8.9298,11.2177,0.566,0.7668,2.1805,24.29,20.33,17.73,0.1113,0.1398,80.2128,1108,2.6715,0.5343,17.5609,0.9323,36.9764
MLP-QuantileRegression-Optuna,ACQUA_METEO,t+7,train,8.9591,11.2685,0.5606,0.7588,1.5823,24.23,20.46,17.83,0.1117,0.1405,80.2128,1108,2.7134,0.5208,17.8312,0.9386,38.1705
MLP-QuantileRegression-Optuna,ACQUA_METEO,ALL,train,8.9142,11.2616,0.5662,0.7677,2.1624,24.2,20.21,17.62,0.1111,0.1404,80.2128,7756,2.6932,0.5251,17.6078,0.9337,37.1845
MLP-QuantileRegression-Optuna,ACQUA_METEO,t+1,val,8.9692,10.5214,0.3367,0.5899,1.3202,21.78,19.55,17.96,0.1639,0.1923,54.7076,135,2.5998,0.563,19.1683,0.9926,41.3698
MLP-QuantileRegression-Optuna,ACQUA_METEO,t+2,val,8.9368,10.6124,0.3178,0.5856,1.9892,21.99,19.52,18.04,0.1616,0.1919,55.2959,135,2.6002,0.5481,19.1193,0.9926,40.6458
MLP-QuantileRegression-Optuna,ACQUA_METEO,t+3,val,9.2394,10.871,0.2783,0.5564,2.2557,22.82,20.2,18.88,0.1756,0.2066,52.6303,135,2.6372,0.5259,19.221,0.9852,39.5338
MLP-QuantileRegression-Optuna,ACQUA_METEO,t+4,val,9.413,11.0388,0.2472,0.5286,2.2744,23.27,20.67,19.46,0.1854,0.2174,50.782,135,2.6974,0.4889,18.9314,0.9926,39.1001
MLP-QuantileRegression-Optuna,ACQUA_METEO,t+5,val,9.6172,11.36,0.1965,0.4951,2.7531,24.14,21.19,20.07,0.188,0.2221,51.1448,135,2.7629,0.4815,18.6881,0.9778,39.3371
MLP-QuantileRegression-Optuna,ACQUA_METEO,t+6,val,9.6041,11.4061,0.1823,0.4728,2.4227,24.07,21.26,20.12,0.1896,0.2252,50.6437,135,2.7762,0.4667,18.7095,0.9778,39.6679
MLP-QuantileRegression-Optuna,ACQUA_METEO,t+7,val,9.8972,11.7395,0.1599,0.4303,1.8075,24.55,21.87,20.75,0.1889,0.2241,52.3881,135,2.8825,0.4444,18.8634,0.963,40.0861
MLP-QuantileRegression-Optuna,ACQUA_METEO,ALL,val,9.3824,11.0862,0.2494,0.5263,2.1176,23.23,20.61,19.31,0.169,0.1997,55.5171,945,2.708,0.5026,18.9573,0.9831,39.9629
MLP-QuantileRegression-Optuna,ACQUA_METEO,t+1,test,9.9795,11.9436,0.1754,0.4318,-0.6123,23.22,21.78,20.55,0.1904,0.2278,52.4191,144,3.0098,0.5694,20.8942,0.9792,43.736
MLP-QuantileRegression-Optuna,ACQUA_METEO,t+2,test,9.6811,11.5425,0.2033,0.4566,0.0499,22.93,21.27,20.07,0.1845,0.22,52.4615,144,2.9109,0.5347,20.7433,0.9722,42.5235
MLP-QuantileRegression-Optuna,ACQUA_METEO,t+3,test,9.5563,11.3904,0.2008,0.4531,0.0899,22.73,21.1,19.92,0.1822,0.2171,52.4615,144,2.8618,0.5625,20.815,0.9653,41.1922
MLP-QuantileRegression-Optuna,ACQUA_METEO,t+4,test,9.6254,11.5649,0.1631,0.4186,-0.1657,22.74,21.32,20.18,0.1835,0.2204,52.4615,144,2.8683,0.5764,20.7535,0.9653,40.9271
MLP-QuantileRegression-Optuna,ACQUA_METEO,t+5,test,9.6747,11.4004,0.1851,0.4354,0.0605,23.02,21.42,20.31,0.1844,0.2173,52.4615,144,2.8791,0.5556,20.375,0.9583,41.1475
MLP-QuantileRegression-Optuna,ACQUA_METEO,t+6,test,10.0018,11.8723,0.1281,0.3792,-0.4231,23.34,21.99,20.98,0.1907,0.2263,52.4615,144,2.9875,0.5347,20.5141,0.9653,41.5915
MLP-QuantileRegression-Optuna,ACQUA_METEO,t+7,test,10.037,11.992,0.1394,0.386,-0.6236,24.12,22.38,21.23,0.1644,0.1964,61.0471,144,3.028,0.5278,20.806,0.9444,42.2416
MLP-QuantileRegression-Optuna,ACQUA_METEO,ALL,test,9.7937,11.6747,0.1716,0.424,-0.2321,23.15,21.61,20.46,0.1546,0.1843,63.3612,1008,2.935,0.5516,20.7002,0.9643,41.9085
MLP-QuantileRegression-Optuna,TOTALE,t+1,train,1.807,3.3306,0.9626,0.9813,-0.2814,4.2,4.16,3.55,0.0225,0.0415,80.2128,1108,0.6661,0.7699,4.4288,0.9693,11.6089
MLP-QuantileRegression-Optuna,TOTALE,t+2,train,2.2473,4.3183,0.9368,0.968,-0.1673,5.08,5.07,4.42,0.028,0.0538,80.2128,1108,0.8293,0.7518,5.1005,0.9477,12.7502
MLP-QuantileRegression-Optuna,TOTALE,t+3,train,2.762,4.9436,0.9166,0.9574,-0.0436,6.16,6.1,5.45,0.0344,0.0616,80.2128,1108,0.9815,0.6796,5.5038,0.9314,13.6727
MLP-QuantileRegression-Optuna,TOTALE,t+4,train,3.2382,5.5127,0.8958,0.9466,-0.1181,7.22,7.13,6.4,0.0404,0.0687,80.2128,1108,1.1132,0.6408,5.9956,0.9233,14.7406
MLP-QuantileRegression-Optuna,TOTALE,t+5,train,3.5605,5.9096,0.8799,0.9383,-0.2388,7.92,7.79,7.05,0.0444,0.0737,80.2128,1108,1.2026,0.5948,6.065,0.9215,15.6127
MLP-QuantileRegression-Optuna,TOTALE,t+6,train,3.8612,6.2877,0.8636,0.9299,-0.3077,8.63,8.45,7.67,0.0481,0.0784,80.2128,1108,1.3039,0.5704,6.2919,0.9215,16.1468
MLP-QuantileRegression-Optuna,TOTALE,t+7,train,4.2173,6.7324,0.8432,0.9191,-0.3535,9.41,9.18,8.39,0.0526,0.0839,80.2128,1108,1.4229,0.5776,6.7746,0.9161,17.5953
MLP-QuantileRegression-Optuna,TOTALE,ALL,train,3.0991,5.4031,0.9001,0.9489,-0.2158,6.95,6.84,6.12,0.0386,0.0674,80.2128,7756,1.0742,0.655,5.7372,0.933,14.5896
MLP-QuantileRegression-Optuna,TOTALE,t+1,val,1.7695,2.926,0.9487,0.9745,-0.3236,3.87,3.92,3.54,0.0323,0.0535,54.7076,135,0.6333,0.7185,3.7499,0.9333,9.6178
MLP-QuantileRegression-Optuna,TOTALE,t+2,val,2.3712,3.8211,0.9116,0.9559,-0.4312,5.16,5.25,4.79,0.0429,0.0691,55.2959,135,0.8295,0.6296,4.2193,0.9333,10.7311
MLP-QuantileRegression-Optuna,TOTALE,t+3,val,2.7327,3.8677,0.9086,0.9537,-0.391,6.01,5.97,5.58,0.0519,0.0735,52.6303,135,0.9158,0.563,5.0326,0.8963,12.3665
MLP-QuantileRegression-Optuna,TOTALE,t+4,val,3.0698,4.066,0.8979,0.9489,-0.6324,6.79,6.73,6.35,0.0605,0.0801,50.782,135,0.9785,0.5407,5.7309,0.9037,13.0838
MLP-QuantileRegression-Optuna,TOTALE,t+5,val,3.4405,4.379,0.8806,0.9404,-0.7416,7.62,7.54,7.18,0.0673,0.0856,51.1448,135,1.071,0.4741,6.0818,0.9037,14.6178
MLP-QuantileRegression-Optuna,TOTALE,t+6,val,4.0216,5.0531,0.8395,0.92,-1.0363,8.91,8.88,8.42,0.0794,0.0998,50.6437,135,1.2379,0.4593,6.4242,0.8593,15.515
MLP-QuantileRegression-Optuna,TOTALE,t+7,val,4.4769,5.7692,0.7971,0.8985,-1.2597,9.77,9.74,9.39,0.0855,0.1101,52.3881,135,1.3896,0.4667,7.2023,0.8815,17.353
MLP-QuantileRegression-Optuna,TOTALE,ALL,val,3.126,4.3531,0.8843,0.9419,-0.688,6.88,6.86,6.43,0.0563,0.0784,55.5171,945,1.0079,0.5503,5.4916,0.9016,13.3264
MLP-QuantileRegression-Optuna,TOTALE,t+1,test,2.6257,4.5693,0.8793,0.9396,-0.6415,5.44,5.62,5.41,0.0501,0.0872,52.4191,144,0.929,0.5625,4.0265,0.875,10.6403
MLP-QuantileRegression-Optuna,TOTALE,t+2,test,3.3776,5.3459,0.8291,0.9136,-0.5001,7.0,7.19,7.0,0.0644,0.1019,52.4615,144,1.1985,0.5139,4.7141,0.8194,12.312
MLP-QuantileRegression-Optuna,TOTALE,t+3,test,3.9786,5.7443,0.7967,0.8953,-0.4815,8.3,8.4,8.29,0.0758,0.1095,52.4615,144,1.3771,0.4722,5.4363,0.7778,13.8565
MLP-QuantileRegression-Optuna,TOTALE,t+4,test,4.3789,6.0641,0.7699,0.881,-0.7334,9.22,9.28,9.18,0.0835,0.1156,52.4615,144,1.4706,0.4514,6.1743,0.7847,14.8882
MLP-QuantileRegression-Optuna,TOTALE,t+5,test,4.7494,6.3506,0.7471,0.8689,-1.0119,10.05,10.16,9.97,0.0905,0.1211,52.4615,144,1.5785,0.4444,6.5658,0.7778,16.469
MLP-QuantileRegression-Optuna,TOTALE,t+6,test,5.254,7.0095,0.6961,0.8403,-1.1618,11.17,11.25,11.02,0.1001,0.1336,52.4615,144,1.7347,0.4444,6.8188,0.8056,17.0899
MLP-QuantileRegression-Optuna,TOTALE,t+7,test,5.9575,7.6833,0.6467,0.8079,-0.8589,13.45,13.1,12.6,0.0976,0.1259,61.0471,144,1.9517,0.4028,7.4738,0.7778,18.6918
MLP-QuantileRegression-Optuna,TOTALE,ALL,test,4.3317,6.1844,0.7675,0.8794,-0.7699,9.23,9.28,9.05,0.0684,0.0976,63.3612,1008,1.4629,0.4702,5.8871,0.8026,14.8497
