model,feature_set,horizon,split,MAE,RMSE,R2,r,Bias,MAPE,sMAPE,WAPE,nMAE,nRMSE,range_y,n,NLL,mean_epistemic_std,mean_aleatoric_std,mean_total_std,pit_ks_stat,pit_ks_pvalue,coverage_50,sharpness_50,coverage_68,sharpness_68,coverage_80,sharpness_80,coverage_90,sharpness_90,coverage_95,sharpness_95,coverage_99,sharpness_99
MLP-Gaussian-MCDropout-Optuna,ACQUA,t+1,train,10.0566,12.6074,0.464,0.6943,-0.8996,25.28,22.21,19.74,0.1254,0.1572,80.2128,1108,3.8767,2.6211,12.236,12.5911,0.0496,0.0083,0.4774,16.9852,0.6634,25.0427,0.7942,32.2724,0.9278,41.4212,0.9729,49.3564,1.0,64.8653
MLP-Gaussian-MCDropout-Optuna,ACQUA,t+2,train,9.96,12.469,0.4729,0.6993,-0.8458,25.06,22.04,19.59,0.1242,0.1554,80.2128,1108,3.8628,2.703,12.1396,12.5178,0.0521,0.0047,0.4711,16.8863,0.667,24.8969,0.7987,32.0845,0.9341,41.1801,0.9747,49.0691,1.0,64.4877
MLP-Gaussian-MCDropout-Optuna,ACQUA,t+3,train,9.7992,12.3053,0.4835,0.7065,-0.7444,24.78,21.75,19.32,0.1222,0.1534,80.2128,1108,3.852,2.7789,11.948,12.3494,0.0398,0.058,0.4883,16.659,0.6652,24.5619,0.7906,31.6527,0.9341,40.6258,0.9738,48.4086,0.9991,63.6197
MLP-Gaussian-MCDropout-Optuna,ACQUA,t+4,train,9.7479,12.2017,0.4896,0.7114,-0.7002,24.74,21.7,19.27,0.1215,0.1521,80.2128,1108,3.8491,2.7643,11.9649,12.3619,0.039,0.0674,0.4919,16.6759,0.6625,24.5867,0.796,31.6847,0.935,40.6669,0.9783,48.4576,0.9991,63.6841
MLP-Gaussian-MCDropout-Optuna,ACQUA,t+5,train,9.7558,12.2084,0.4873,0.7086,-0.7909,24.84,21.78,19.33,0.1216,0.1522,80.2128,1108,3.8525,2.7297,12.0325,12.4202,0.0412,0.0455,0.4964,16.7546,0.6652,24.7028,0.7942,31.8343,0.9368,40.8589,0.981,48.6864,0.9991,63.9848
MLP-Gaussian-MCDropout-Optuna,ACQUA,t+6,train,9.8557,12.2864,0.4793,0.7035,-0.8358,25.18,22.06,19.57,0.1229,0.1532,80.2128,1108,3.8678,2.6538,12.4028,12.759,0.052,0.0048,0.4847,17.2117,0.6769,25.3766,0.8069,32.7027,0.9404,41.9735,0.9856,50.0145,1.0,65.7302
MLP-Gaussian-MCDropout-Optuna,ACQUA,t+7,train,10.0052,12.4105,0.467,0.6948,-0.9826,25.52,22.44,19.91,0.1247,0.1547,80.2128,1108,3.8799,2.6149,12.5622,12.9051,0.0508,0.0063,0.4783,17.4087,0.6769,25.6671,0.8042,33.0771,0.9395,42.454,0.9856,50.587,0.9991,66.4826
MLP-Gaussian-MCDropout-Optuna,ACQUA,ALL,train,9.8829,12.3563,0.4777,0.7026,-0.8285,25.06,22.0,19.53,0.1232,0.154,80.2128,7756,3.863,2.6951,12.1837,12.5578,0.0392,0.0,0.484,16.9402,0.6681,24.9764,0.7978,32.1869,0.9354,41.3115,0.9789,49.2257,0.9995,64.6935
MLP-Gaussian-MCDropout-Optuna,ACQUA,t+1,val,10.0639,11.5303,0.2034,0.4567,-0.9149,23.78,21.83,20.16,0.184,0.2108,54.7076,135,3.8597,2.3745,13.2021,13.4682,0.1347,0.0135,0.4519,18.1683,0.6963,26.7871,0.9037,34.5204,1.0,44.3065,1.0,52.7944,1.0,69.3836
MLP-Gaussian-MCDropout-Optuna,ACQUA,t+2,val,9.9013,11.4906,0.2003,0.4495,-0.5372,23.65,21.6,19.99,0.1791,0.2078,55.2959,135,3.8524,2.463,13.0903,13.3778,0.1012,0.1177,0.4741,18.0464,0.6741,26.6073,0.8815,34.2887,1.0,44.0091,1.0,52.44,1.0,68.9179
MLP-Gaussian-MCDropout-Optuna,ACQUA,t+3,val,9.8713,11.5032,0.1919,0.4385,0.0988,23.94,21.66,20.17,0.1876,0.2186,52.6303,135,3.8472,2.544,12.8845,13.1909,0.0814,0.3159,0.4667,17.7942,0.6444,26.2355,0.8815,33.8095,1.0,43.394,1.0,51.7072,1.0,67.9548
MLP-Gaussian-MCDropout-Optuna,ACQUA,t+4,val,9.9723,11.6083,0.1675,0.4135,0.5309,24.45,21.98,20.61,0.1964,0.2286,50.782,135,3.8533,2.5331,12.8855,13.1906,0.0825,0.3003,0.4444,17.7938,0.6593,26.2349,0.8667,33.8088,1.0,43.3931,1.0,51.7061,1.0,67.9533
MLP-Gaussian-MCDropout-Optuna,ACQUA,t+5,val,10.042,11.7093,0.1463,0.3921,0.6369,24.69,22.24,20.96,0.1963,0.2289,51.1448,135,3.8646,2.5092,12.9636,13.265,0.0787,0.3549,0.4519,17.8942,0.6593,26.383,0.8667,33.9996,0.9926,43.638,1.0,51.9979,1.0,68.3368
MLP-Gaussian-MCDropout-Optuna,ACQUA,t+6,val,10.1671,11.8517,0.1172,0.3588,0.7099,25.06,22.55,21.3,0.2008,0.234,50.6437,135,3.881,2.3865,13.3203,13.5873,0.0773,0.3755,0.4519,18.329,0.6741,27.024,0.8889,34.8257,0.9926,44.6983,1.0,53.2613,1.0,69.9972
MLP-Gaussian-MCDropout-Optuna,ACQUA,t+7,val,10.4589,12.2173,0.0902,0.3235,0.4818,25.59,23.15,21.93,0.1996,0.2332,52.3881,135,3.9077,2.3266,13.4119,13.6696,0.0706,0.4887,0.4593,18.4401,0.6593,27.1878,0.8889,35.0367,0.9852,44.9691,0.9852,53.584,1.0,70.4213
MLP-Gaussian-MCDropout-Optuna,ACQUA,ALL,val,10.0681,11.704,0.1634,0.4069,0.1437,24.45,22.14,20.72,0.1814,0.2108,55.5171,945,3.8666,2.4481,13.1083,13.3928,0.0751,0.0,0.4571,18.0666,0.6667,26.6371,0.8825,34.3271,0.9958,44.0583,0.9979,52.4987,1.0,68.995
MLP-Gaussian-MCDropout-Optuna,ACQUA,t+1,test,10.8816,13.0847,0.0104,0.2572,-1.742,25.09,23.8,22.41,0.2076,0.2496,52.4191,144,3.9813,2.659,13.6537,13.964,0.0898,0.1848,0.4306,18.8372,0.6389,27.7732,0.8333,35.7912,0.9653,45.9375,0.9792,54.7379,0.9931,71.9378
MLP-Gaussian-MCDropout-Optuna,ACQUA,t+2,test,10.7071,12.9974,-0.0102,0.2417,-1.504,24.82,23.55,22.2,0.2041,0.2478,52.4615,144,3.9758,2.7671,13.5624,13.8992,0.0862,0.2223,0.4583,18.7498,0.6667,27.6444,0.8681,35.6252,0.9514,45.7244,0.9722,54.484,0.9931,71.6041
MLP-Gaussian-MCDropout-Optuna,ACQUA,t+3,test,10.626,13.065,-0.0515,0.2129,-1.2832,24.75,23.51,22.15,0.2025,0.249,52.4615,144,3.9793,2.9109,13.3138,13.6966,0.0745,0.3825,0.4514,18.4765,0.6597,27.2415,0.8542,35.1059,0.9514,45.058,0.9583,53.6899,0.9931,70.5604
MLP-Gaussian-MCDropout-Optuna,ACQUA,t+4,test,10.6782,13.1289,-0.0786,0.1876,-1.1065,24.97,23.68,22.39,0.2035,0.2503,52.4615,144,3.984,2.8922,13.2722,13.6556,0.0728,0.411,0.4583,18.4212,0.6597,27.1599,0.8472,35.0008,0.9444,44.923,0.9653,53.5291,0.9931,70.3491
MLP-Gaussian-MCDropout-Optuna,ACQUA,t+5,test,10.7491,13.2945,-0.1082,0.1613,-1.3717,25.08,23.85,22.56,0.2049,0.2534,52.4615,144,4.0018,2.8519,13.3083,13.6858,0.0644,0.5669,0.4514,18.4619,0.6389,27.22,0.8403,35.0782,0.9306,45.0224,0.9583,53.6475,0.9931,70.5048
MLP-Gaussian-MCDropout-Optuna,ACQUA,t+6,test,10.9101,13.5946,-0.1432,0.1197,-1.4917,25.3,24.07,22.88,0.208,0.2591,52.4615,144,4.0266,2.7414,13.6999,14.0464,0.0583,0.6906,0.4722,18.9483,0.6458,27.9371,0.8403,36.0023,0.9444,46.2085,0.9514,55.0608,0.9861,72.3622
MLP-Gaussian-MCDropout-Optuna,ACQUA,t+7,test,10.9357,13.7401,-0.1298,0.1156,-1.2894,26.56,24.47,23.13,0.1791,0.2251,61.0471,144,4.0426,2.6839,13.8472,14.1764,0.0827,0.2635,0.4861,19.1237,0.6389,28.1957,0.8333,36.3356,0.9167,46.6362,0.9514,55.5704,0.9861,73.0319
MLP-Gaussian-MCDropout-Optuna,ACQUA,ALL,test,10.784,13.2749,-0.0711,0.1857,-1.3983,25.22,23.85,22.53,0.1702,0.2095,63.3612,1008,3.9988,2.7866,13.5225,13.8749,0.0631,0.0006,0.4583,18.7169,0.6498,27.596,0.8452,35.5627,0.9435,45.6443,0.9623,54.3885,0.9911,71.4786
MLP-Gaussian-MCDropout-Optuna,TERRA,t+1,train,1.8075,3.2532,0.9643,0.9831,0.4203,4.51,4.29,3.55,0.0225,0.0406,80.2128,1108,2.5131,2.5618,3.7771,4.7031,0.2438,0.0,0.8881,6.3444,0.9468,9.3541,0.9684,12.0546,0.9838,15.4719,0.9883,18.4359,0.9964,24.2289
MLP-Gaussian-MCDropout-Optuna,TERRA,t+2,train,2.5334,4.4432,0.9331,0.9667,0.2795,6.03,5.84,4.98,0.0316,0.0554,80.2128,1108,2.6428,2.3402,4.306,5.0272,0.181,0.0,0.8249,6.7816,0.9125,9.9987,0.9531,12.8853,0.9657,16.5381,0.981,19.7063,0.9928,25.8985
MLP-Gaussian-MCDropout-Optuna,TERRA,t+3,train,3.0544,5.2304,0.9067,0.9525,0.1249,7.1,6.9,6.02,0.0381,0.0652,80.2128,1108,2.745,2.1984,4.737,5.3226,0.1513,0.0,0.7681,7.1801,0.8809,10.5862,0.9251,13.6424,0.9594,17.5098,0.9756,20.8642,0.9928,27.4203
MLP-Gaussian-MCDropout-Optuna,TERRA,t+4,train,3.438,5.6916,0.8889,0.943,0.0794,7.92,7.69,6.79,0.0429,0.071,80.2128,1108,2.8193,2.2309,5.0385,5.6098,0.1364,0.0,0.7283,7.5675,0.8421,11.1574,0.9134,14.3785,0.9585,18.4546,0.9765,21.99,0.9973,28.8998
MLP-Gaussian-MCDropout-Optuna,TERRA,t+5,train,3.8197,6.0384,0.8746,0.9358,-0.062,8.87,8.58,7.57,0.0476,0.0753,80.2128,1108,2.8927,2.2586,5.3933,5.9448,0.1077,0.0,0.6778,8.0194,0.8303,11.8238,0.9106,15.2372,0.9585,19.5567,0.9801,23.3033,0.9973,30.6257
MLP-Gaussian-MCDropout-Optuna,TERRA,t+6,train,4.1661,6.3663,0.8602,0.9286,-0.1006,9.74,9.37,8.27,0.0519,0.0794,80.2128,1108,2.973,2.3336,5.7302,6.286,0.0937,0.0,0.6435,8.4797,0.8114,12.5023,0.9025,16.1117,0.9522,20.6791,0.981,24.6407,0.9955,32.3834
MLP-Gaussian-MCDropout-Optuna,TERRA,t+7,train,4.595,6.7025,0.8446,0.9214,0.1837,11.03,10.47,9.14,0.0573,0.0836,80.2128,1108,3.0565,2.3668,6.0563,6.5947,0.0916,0.0,0.6092,8.8962,0.7933,13.1164,0.8872,16.903,0.9513,21.6948,0.9801,25.8509,0.9973,33.9738
MLP-Gaussian-MCDropout-Optuna,TERRA,ALL,train,3.3449,5.5031,0.8964,0.9475,0.1322,7.89,7.59,6.61,0.0417,0.0686,80.2128,7756,2.8061,2.3272,5.0055,5.6412,0.1383,0.0,0.7343,7.6098,0.8596,11.2198,0.9229,14.4589,0.9613,18.5579,0.9804,22.113,0.9956,29.0615
MLP-Gaussian-MCDropout-Optuna,TERRA,t+1,val,1.5046,3.1299,0.9413,0.9711,0.5042,3.53,3.49,3.01,0.0275,0.0572,54.7076,135,2.4131,2.0813,3.4701,4.1552,0.3261,0.0,0.8815,5.6053,0.9556,8.2643,0.9704,10.6502,0.9852,13.6694,0.9852,16.2881,0.9926,21.4062
MLP-Gaussian-MCDropout-Optuna,TERRA,t+2,val,2.2344,4.0951,0.8984,0.9487,0.4934,5.03,5.01,4.51,0.0404,0.0741,55.2959,135,2.6224,1.9332,3.9687,4.5063,0.2465,0.0,0.8444,6.0788,0.9259,8.9626,0.9333,11.55,0.963,14.8243,0.9704,17.6642,0.9778,23.2147
MLP-Gaussian-MCDropout-Optuna,TERRA,t+3,val,2.5209,4.0069,0.902,0.9515,0.704,5.79,5.67,5.15,0.0479,0.0761,52.6303,135,2.6874,1.8446,4.3935,4.8243,0.2255,0.0,0.8074,6.5079,0.9111,9.5951,0.9481,12.3651,0.9556,15.8705,0.963,18.9108,0.9926,24.853
MLP-Gaussian-MCDropout-Optuna,TERRA,t+4,val,2.7755,3.9389,0.9041,0.9546,1.0229,6.47,6.24,5.74,0.0547,0.0776,50.782,135,2.7518,1.9112,4.6731,5.1048,0.2241,0.0,0.7926,6.8863,0.8815,10.153,0.9333,13.0841,0.963,16.7933,0.9778,20.0104,0.9852,26.2981
MLP-Gaussian-MCDropout-Optuna,TERRA,t+5,val,3.0404,4.1629,0.8921,0.9501,1.1706,7.17,6.85,6.35,0.0594,0.0814,51.1448,135,2.8362,1.9424,5.0288,5.4466,0.2097,0.0,0.7704,7.3473,0.8667,10.8328,0.9111,13.9602,0.9481,17.9177,0.9778,21.3502,0.9926,28.059
MLP-Gaussian-MCDropout-Optuna,TERRA,t+6,val,3.5376,4.7718,0.8569,0.9308,1.0709,8.23,7.89,7.41,0.0699,0.0942,50.6437,135,2.9467,2.0288,5.3438,5.7742,0.161,0.0016,0.6963,7.7892,0.8296,11.4844,0.8963,14.7998,0.9481,18.9954,0.9778,22.6344,0.9852,29.7466
MLP-Gaussian-MCDropout-Optuna,TERRA,t+7,val,4.3293,5.7223,0.8004,0.9023,1.2652,10.02,9.58,9.08,0.0826,0.1092,52.3881,135,3.0919,2.0736,5.7238,6.1445,0.131,0.0176,0.5926,8.2888,0.8074,12.2209,0.8593,15.749,0.9407,20.2136,0.9704,24.086,0.9852,31.6544
MLP-Gaussian-MCDropout-Optuna,TERRA,ALL,val,2.849,4.3257,0.8857,0.9442,0.8902,6.61,6.39,5.86,0.0513,0.0779,55.5171,945,2.7642,1.9736,4.6574,5.1365,0.1949,0.0,0.7693,6.9291,0.8825,10.2162,0.9217,13.1655,0.9577,16.8977,0.9746,20.1349,0.9873,26.4617
MLP-Gaussian-MCDropout-Optuna,TERRA,t+1,test,1.9405,4.1789,0.8991,0.9487,0.3913,4.26,4.31,4.0,0.037,0.0797,52.4191,144,2.6962,2.3007,3.8786,4.6476,0.326,0.0,0.8958,6.2695,0.9514,9.2436,0.9514,11.9122,0.9514,15.2891,0.9653,18.2181,0.9792,23.9427
MLP-Gaussian-MCDropout-Optuna,TERRA,t+2,test,2.9536,5.1876,0.8391,0.9181,0.6018,6.36,6.43,6.12,0.0563,0.0989,52.4615,144,2.8557,2.0928,4.4226,5.0209,0.2733,0.0,0.7778,6.7731,0.875,9.9861,0.9097,12.869,0.9375,16.5172,0.9514,19.6815,0.9653,25.8658
MLP-Gaussian-MCDropout-Optuna,TERRA,t+3,test,3.7441,5.8162,0.7916,0.8947,0.7757,8.09,8.13,7.81,0.0714,0.1109,52.4615,144,3.0297,1.9687,4.8585,5.3424,0.2292,0.0,0.7014,7.2068,0.8194,10.6256,0.8472,13.6932,0.9167,17.575,0.9514,20.9419,0.9722,27.5224
MLP-Gaussian-MCDropout-Optuna,TERRA,t+4,test,4.3262,6.2628,0.7546,0.8771,0.9727,9.49,9.46,9.07,0.0825,0.1194,52.4615,144,3.1822,2.0574,5.1477,5.6471,0.1715,0.0004,0.6181,7.6178,0.8125,11.2316,0.8333,14.4741,0.8958,18.5773,0.9306,22.1363,0.9653,29.092
MLP-Gaussian-MCDropout-Optuna,TERRA,t+5,test,4.845,6.6315,0.7243,0.8577,0.8149,10.76,10.69,10.17,0.0924,0.1264,52.4615,144,3.2886,2.1173,5.4387,5.9407,0.1458,0.0039,0.5625,8.0139,0.75,11.8156,0.8403,15.2267,0.8819,19.5432,0.9097,23.2872,0.9583,30.6046
MLP-Gaussian-MCDropout-Optuna,TERRA,t+6,test,5.4174,7.2794,0.6722,0.8259,0.5834,12.01,11.92,11.36,0.1033,0.1388,52.4615,144,3.4098,2.2312,5.7009,6.2275,0.1391,0.0068,0.5,8.4008,0.7292,12.386,0.8056,15.9618,0.8542,20.4867,0.9097,24.4114,0.9653,32.082
MLP-Gaussian-MCDropout-Optuna,TERRA,t+7,test,6.2734,8.1343,0.604,0.7871,1.2124,15.05,14.23,13.27,0.1028,0.1332,61.0471,144,3.5959,2.2955,6.0137,6.5402,0.1673,0.0005,0.4514,8.8226,0.6597,13.008,0.7917,16.7633,0.8403,21.5155,0.8819,25.6373,0.9514,33.6931
MLP-Gaussian-MCDropout-Optuna,TERRA,ALL,test,4.2143,6.3309,0.7564,0.8742,0.7646,9.43,9.31,8.8,0.0665,0.0999,63.3612,1008,3.1512,2.1519,5.0658,5.6238,0.1546,0.0,0.6438,7.5864,0.7996,11.1852,0.8542,14.4143,0.8968,18.5006,0.9286,22.0448,0.9653,28.9718
MLP-Gaussian-MCDropout-Optuna,METEO,t+1,train,8.99,11.3489,0.5656,0.7531,-0.2115,22.95,20.25,17.64,0.1121,0.1415,80.2128,1108,3.7503,3.415,10.9357,11.5468,0.0308,0.2385,0.5045,15.5764,0.7058,22.9657,0.8195,29.5957,0.9287,37.9857,0.9774,45.2627,0.9991,59.4853
MLP-Gaussian-MCDropout-Optuna,METEO,t+2,train,8.9568,11.2856,0.5682,0.7552,-0.0305,23.05,20.23,17.62,0.1117,0.1407,80.2128,1108,3.7434,3.2572,10.8758,11.4286,0.029,0.3015,0.4928,15.4169,0.704,22.7305,0.8249,29.2926,0.9341,37.5967,0.9792,44.7992,0.9973,58.8762
MLP-Gaussian-MCDropout-Optuna,METEO,t+3,train,8.8918,11.2346,0.5695,0.7572,-0.0287,22.99,20.16,17.53,0.1109,0.1401,80.2128,1108,3.7344,3.0712,10.764,11.2579,0.0272,0.3805,0.5045,15.1866,0.6787,22.3909,0.8141,28.8551,0.935,37.0351,0.9819,44.13,0.9982,57.9966
MLP-Gaussian-MCDropout-Optuna,METEO,t+4,train,8.8393,11.1918,0.5706,0.7584,-0.2775,22.79,20.08,17.47,0.1102,0.1395,80.2128,1108,3.7317,3.0024,10.6696,11.1433,0.0276,0.3597,0.4991,15.0321,0.6778,22.1632,0.806,28.5616,0.9305,36.6584,0.9792,43.6811,0.9991,57.4067
MLP-Gaussian-MCDropout-Optuna,METEO,t+5,train,8.8664,11.1847,0.5697,0.7582,-0.4501,22.83,20.17,17.57,0.1105,0.1394,80.2128,1108,3.7356,2.8759,10.7823,11.2262,0.0323,0.1935,0.4901,15.1439,0.6724,22.3279,0.8159,28.7738,0.9323,36.9308,0.9819,44.0058,0.9973,57.8334
MLP-Gaussian-MCDropout-Optuna,METEO,t+6,train,8.9195,11.1782,0.569,0.757,-0.3529,22.93,20.32,17.71,0.1112,0.1394,80.2128,1108,3.7419,2.8307,10.841,11.2832,0.0296,0.2806,0.4919,15.2208,0.6706,22.4413,0.8177,28.9199,0.9386,37.1183,0.981,44.2292,0.9973,58.1271
MLP-Gaussian-MCDropout-Optuna,METEO,t+7,train,9.0741,11.2632,0.561,0.7508,-0.4938,23.18,20.67,18.06,0.1131,0.1404,80.2128,1108,3.7577,2.7762,10.9164,11.3524,0.0338,0.1548,0.4856,15.3141,0.6706,22.5789,0.8087,29.0973,0.935,37.346,0.9819,44.5005,0.9982,58.4836
MLP-Gaussian-MCDropout-Optuna,METEO,ALL,train,8.934,11.2412,0.5678,0.7556,-0.2636,22.96,20.27,17.66,0.1114,0.1401,80.2128,7756,3.7421,3.0327,10.8264,11.3198,0.0287,0.0,0.4955,15.2701,0.6828,22.5141,0.8152,29.0137,0.9335,37.2387,0.9804,44.3727,0.9981,58.3156
MLP-Gaussian-MCDropout-Optuna,METEO,t+1,val,9.0098,10.5863,0.3285,0.5767,-0.5734,20.83,19.66,18.04,0.1647,0.1935,54.7076,135,3.7934,3.1198,12.0565,12.5035,0.0744,0.4225,0.5037,16.867,0.7259,24.8684,0.8815,32.0478,0.9926,41.1329,0.9926,49.0129,0.9926,64.4138
MLP-Gaussian-MCDropout-Optuna,METEO,t+2,val,9.1409,10.6769,0.3095,0.5605,-0.2583,21.21,19.98,18.46,0.1653,0.1931,55.2959,135,3.7773,3.0136,11.8837,12.303,0.0641,0.6121,0.4963,16.5965,0.6963,24.4696,0.8667,31.5339,0.9852,40.4733,1.0,48.2269,1.0,63.3809
MLP-Gaussian-MCDropout-Optuna,METEO,t+3,val,9.4521,11.0177,0.2587,0.5169,-0.0211,22.13,20.71,19.31,0.1796,0.2093,52.6303,135,3.7942,2.8336,11.6705,12.0419,0.0762,0.3937,0.4741,16.2443,0.6667,23.9504,0.8296,30.8648,0.9926,39.6145,0.9926,47.2036,1.0,62.036
MLP-Gaussian-MCDropout-Optuna,METEO,t+4,val,9.6367,11.2672,0.2157,0.4824,-0.1018,22.58,21.23,19.92,0.1898,0.2219,50.782,135,3.8192,2.8067,11.5411,11.908,0.0961,0.1549,0.4444,16.0636,0.637,23.6839,0.7926,30.5213,0.963,39.1737,0.9926,46.6783,1.0,61.3457
MLP-Gaussian-MCDropout-Optuna,METEO,t+5,val,9.7752,11.4712,0.1807,0.4505,-0.2435,22.99,21.66,20.4,0.1911,0.2243,51.1448,135,3.8409,2.6464,11.6274,11.9538,0.0668,0.5601,0.4296,16.1254,0.6296,23.775,0.7778,30.6387,0.9704,39.3244,0.9852,46.8579,1.0,61.5817
MLP-Gaussian-MCDropout-Optuna,METEO,t+6,val,9.6735,11.457,0.175,0.4419,-0.3408,22.95,21.56,20.26,0.191,0.2262,50.6437,135,3.8383,2.5338,11.692,11.9947,0.0588,0.7166,0.4296,16.1807,0.6444,23.8565,0.8074,30.7437,0.963,39.4592,0.9852,47.0185,1.0,61.7928
MLP-Gaussian-MCDropout-Optuna,METEO,t+7,val,9.8076,11.77,0.1556,0.4225,-0.6855,23.12,21.84,20.56,0.1872,0.2247,52.3881,135,3.8661,2.4096,11.7883,12.0644,0.0686,0.526,0.437,16.2746,0.6222,23.9951,0.8,30.9223,0.9556,39.6883,0.9778,47.2916,1.0,62.1517
MLP-Gaussian-MCDropout-Optuna,METEO,ALL,val,9.4994,11.1854,0.2359,0.498,-0.3178,22.26,20.95,19.55,0.1711,0.2015,55.5171,945,3.8185,2.7662,11.7514,12.1099,0.0496,0.0183,0.4593,16.336,0.6603,24.0856,0.8222,31.0389,0.9746,39.838,0.9894,47.4699,0.9989,62.3861
MLP-Gaussian-MCDropout-Optuna,METEO,t+1,test,11.4043,13.8109,-0.1025,0.2732,-4.0674,24.76,25.06,23.48,0.2176,0.2635,52.4191,144,4.0226,3.9483,12.4688,13.1219,0.1386,0.0071,0.4167,17.7012,0.625,26.0984,0.7847,33.6328,0.9097,43.1673,0.9653,51.437,0.9931,67.5996
MLP-Gaussian-MCDropout-Optuna,METEO,t+2,test,11.0799,13.3592,-0.0672,0.2936,-3.6419,24.33,24.46,22.97,0.2112,0.2546,52.4615,144,3.986,3.7729,12.409,13.008,0.1149,0.0411,0.4444,17.5475,0.6111,25.8718,0.7917,33.3409,0.9167,42.7926,0.9583,50.9905,1.0,67.0128
MLP-Gaussian-MCDropout-Optuna,METEO,t+3,test,10.5837,12.8373,-0.0152,0.3259,-3.3471,23.5,23.47,22.06,0.2017,0.2447,52.4615,144,3.9437,3.4859,12.3345,12.8444,0.1127,0.0477,0.4583,17.3269,0.6319,25.5465,0.7778,32.9216,0.9306,42.2544,0.9653,50.3492,1.0,66.1701
MLP-Gaussian-MCDropout-Optuna,METEO,t+4,test,10.6602,13.1065,-0.0749,0.2798,-3.5035,23.57,23.74,22.35,0.2032,0.2498,52.4615,144,3.9633,3.3866,12.2046,12.691,0.1164,0.0371,0.4722,17.1199,0.625,25.2413,0.7708,32.5283,0.9167,41.7497,0.9583,49.7478,0.9931,65.3797
MLP-Gaussian-MCDropout-Optuna,METEO,t+5,test,10.3881,12.6119,0.0026,0.3464,-3.6944,22.95,23.19,21.8,0.198,0.2404,52.4615,144,3.9366,3.0466,12.388,12.7795,0.1311,0.0128,0.4583,17.2393,0.6389,25.4174,0.7917,32.7552,0.9306,42.0408,0.9722,50.0948,0.9931,65.8357
MLP-Gaussian-MCDropout-Optuna,METEO,t+6,test,10.5788,12.8122,-0.0154,0.3173,-3.6904,23.21,23.45,22.19,0.2016,0.2442,52.4615,144,3.9578,2.8079,12.4891,12.827,0.1268,0.0177,0.4306,17.3033,0.6528,25.5118,0.7917,32.8769,0.9236,42.197,0.9653,50.2808,0.9931,66.0802
MLP-Gaussian-MCDropout-Optuna,METEO,t+7,test,10.6473,12.7934,0.0205,0.338,-3.5604,24.18,23.92,22.52,0.1744,0.2096,61.0471,144,3.952,2.6005,12.4742,12.7703,0.1352,0.0093,0.4583,17.2268,0.6389,25.399,0.7708,32.7315,0.9097,42.0104,0.9722,50.0585,1.0,65.7881
MLP-Gaussian-MCDropout-Optuna,METEO,ALL,test,10.7632,13.053,-0.0356,0.3093,-3.6436,23.79,23.9,22.49,0.1699,0.206,63.3612,1008,3.966,3.2927,12.3955,12.8632,0.117,0.0,0.4484,17.3521,0.6319,25.5837,0.7827,32.9696,0.9196,42.316,0.9653,50.4227,0.996,66.2666
MLP-Gaussian-MCDropout-Optuna,TERRA_ACQUA,t+1,train,1.8351,4.5021,0.9316,0.9655,0.1128,4.38,4.45,3.6,0.0229,0.0561,80.2128,1108,2.4187,1.956,4.4525,5.0436,0.2182,0.0,0.8366,6.8038,0.9287,10.0314,0.9612,12.9273,0.9774,16.5921,0.9874,19.7707,0.9937,25.9831
MLP-Gaussian-MCDropout-Optuna,TERRA_ACQUA,t+2,train,2.4909,5.5319,0.8962,0.947,0.1773,5.82,5.81,4.9,0.0311,0.069,80.2128,1108,2.5965,1.8996,5.2469,5.7534,0.1957,0.0,0.7906,7.7613,0.8818,11.4431,0.9395,14.7467,0.9693,18.9271,0.9783,22.5531,0.9901,29.6397
MLP-Gaussian-MCDropout-Optuna,TERRA_ACQUA,t+3,train,3.0769,6.0221,0.8763,0.9362,0.0432,7.09,7.02,6.07,0.0384,0.0751,80.2128,1108,2.7509,1.9268,5.7989,6.2796,0.1482,0.0,0.7374,8.471,0.8646,12.4895,0.926,16.0952,0.9621,20.6579,0.9738,24.6154,0.9874,32.3502
MLP-Gaussian-MCDropout-Optuna,TERRA_ACQUA,t+4,train,3.6356,6.4294,0.8583,0.9264,-0.0372,8.38,8.2,7.19,0.0453,0.0802,80.2128,1108,2.8727,1.9671,6.3022,6.7637,0.1114,0.0,0.6859,9.1241,0.8412,13.4524,0.9116,17.3361,0.9522,22.2506,0.9756,26.5133,0.9919,34.8443
MLP-Gaussian-MCDropout-Optuna,TERRA_ACQUA,t+5,train,4.0284,6.7706,0.8423,0.9178,-0.0038,9.34,9.04,7.98,0.0502,0.0844,80.2128,1108,2.9707,2.0616,6.8068,7.2811,0.0956,0.0,0.6597,9.8221,0.8231,14.4815,0.9088,18.6623,0.9585,23.9528,0.9783,28.5415,0.9946,37.5099
MLP-Gaussian-MCDropout-Optuna,TERRA_ACQUA,t+6,train,4.2259,7.0603,0.8281,0.9101,-0.1754,9.7,9.4,8.39,0.0527,0.088,80.2128,1108,3.0557,2.2076,7.489,7.9854,0.0984,0.0,0.6724,10.7721,0.8348,15.8823,0.9106,20.4674,0.9585,26.2696,0.9783,31.3021,0.9955,41.138
MLP-Gaussian-MCDropout-Optuna,TERRA_ACQUA,t+7,train,4.6417,7.5289,0.8039,0.8967,0.0244,10.76,10.3,9.24,0.0579,0.0939,80.2128,1108,3.1556,2.28,7.9581,8.4483,0.1035,0.0,0.6561,11.3966,0.8294,16.803,0.9016,21.654,0.9567,27.7925,0.9774,33.1169,0.9946,43.5229
MLP-Gaussian-MCDropout-Optuna,TERRA_ACQUA,ALL,train,3.4192,6.3341,0.8628,0.9289,0.0202,7.92,7.75,6.76,0.0426,0.079,80.2128,7756,2.8315,2.0427,6.2935,6.7936,0.1292,0.0,0.7198,9.1644,0.8577,13.5119,0.9228,17.4127,0.9621,22.3489,0.9785,26.6304,0.9925,34.9983
MLP-Gaussian-MCDropout-Optuna,TERRA_ACQUA,t+1,val,1.5306,2.6854,0.9568,0.9783,-0.1517,3.25,3.28,3.07,0.028,0.0491,54.7076,135,2.2788,1.5325,2.8322,3.2518,0.1745,0.0005,0.7778,4.3867,0.8741,6.4677,0.9259,8.3348,0.9852,10.6976,0.9852,12.747,0.9926,16.7524
MLP-Gaussian-MCDropout-Optuna,TERRA_ACQUA,t+2,val,2.2966,3.7656,0.9141,0.9564,-0.2557,4.83,4.86,4.64,0.0415,0.0681,55.2959,135,2.5307,1.4878,3.312,3.6723,0.1381,0.0104,0.6667,4.9539,0.837,7.304,0.8889,9.4126,0.9333,12.0809,0.9556,14.3953,0.9704,18.9187
MLP-Gaussian-MCDropout-Optuna,TERRA_ACQUA,t+3,val,2.7087,4.04,0.9003,0.9495,-0.2409,5.83,5.77,5.53,0.0515,0.0768,52.6303,135,2.6666,1.4678,3.9136,4.2264,0.1163,0.0477,0.5556,5.7014,0.8444,8.406,0.9111,10.8328,0.9556,13.9038,0.9852,16.5674,0.9926,21.7732
MLP-Gaussian-MCDropout-Optuna,TERRA_ACQUA,t+4,val,2.9655,4.1537,0.8934,0.948,-0.1537,6.51,6.33,6.13,0.0584,0.0818,50.782,135,2.7465,1.47,4.506,4.7858,0.1122,0.0619,0.5704,6.4559,0.8222,9.5185,0.9407,12.2664,0.963,15.7437,0.9778,18.7598,1.0,24.6546
MLP-Gaussian-MCDropout-Optuna,TERRA_ACQUA,t+5,val,3.3074,4.4424,0.8771,0.9414,0.0261,7.41,7.13,6.9,0.0647,0.0869,51.1448,135,2.8493,1.5136,5.1289,5.392,0.1139,0.0556,0.5407,7.2737,0.8296,10.7243,0.9407,13.8203,0.9778,17.7381,0.9852,21.1363,1.0,27.7778
MLP-Gaussian-MCDropout-Optuna,TERRA_ACQUA,t+6,val,3.7963,5.094,0.8369,0.9173,-0.2455,8.39,8.13,7.95,0.075,0.1006,50.6437,135,2.978,1.588,5.8176,6.0823,0.1117,0.0637,0.5481,8.2049,0.8148,12.0972,0.9259,15.5895,0.9778,20.0089,0.9926,23.8421,1.0,31.3339
MLP-Gaussian-MCDropout-Optuna,TERRA_ACQUA,t+7,val,4.2587,5.6609,0.8047,0.9015,-0.2678,9.29,8.99,8.93,0.0813,0.1081,52.3881,135,3.1363,1.6121,6.6184,6.8587,0.1077,0.0809,0.5778,9.2523,0.8296,13.6414,0.9407,17.5796,0.963,22.5632,0.9778,26.8857,0.9926,35.3338
MLP-Gaussian-MCDropout-Optuna,TERRA_ACQUA,ALL,val,2.9805,4.3539,0.8842,0.9418,-0.1842,6.5,6.36,6.13,0.0537,0.0784,55.5171,945,2.7409,1.5245,4.5898,4.8956,0.1085,0.0,0.6053,6.6041,0.836,9.737,0.9249,12.548,0.9651,16.1052,0.9799,19.1905,0.9926,25.2206
MLP-Gaussian-MCDropout-Optuna,TERRA_ACQUA,t+1,test,2.468,4.1367,0.9011,0.9493,-0.0417,5.24,5.29,5.08,0.0471,0.0789,52.4191,144,2.8001,1.6548,3.3644,3.8385,0.1514,0.0024,0.6597,5.178,0.7778,7.6344,0.8333,9.8384,0.9028,12.6274,0.9306,15.0465,0.9583,19.7745
MLP-Gaussian-MCDropout-Optuna,TERRA_ACQUA,t+2,test,3.2501,5.0701,0.8463,0.9202,0.1857,6.8,6.8,6.74,0.062,0.0966,52.4615,144,3.0258,1.6392,4.0677,4.4845,0.1271,0.0174,0.6181,6.0494,0.7222,8.9192,0.8056,11.4941,0.8681,14.7526,0.8958,17.5787,0.9444,23.1024
MLP-Gaussian-MCDropout-Optuna,TERRA_ACQUA,t+3,test,3.9722,5.9723,0.7803,0.885,0.1422,8.3,8.28,8.28,0.0757,0.1138,52.4615,144,3.4225,1.6312,4.7319,5.1094,0.0872,0.2114,0.6042,6.8924,0.7361,10.1621,0.7917,13.0958,0.8542,16.8083,0.875,20.0284,0.9236,26.3217
MLP-Gaussian-MCDropout-Optuna,TERRA_ACQUA,t+4,test,4.3465,6.2458,0.7559,0.8706,0.1541,9.28,9.14,9.11,0.0829,0.1191,52.4615,144,3.3123,1.6379,5.3357,5.7005,0.0702,0.457,0.6181,7.6898,0.7292,11.3377,0.7986,14.6109,0.8542,18.7528,0.9028,22.3454,0.9514,29.3668
MLP-Gaussian-MCDropout-Optuna,TERRA_ACQUA,t+5,test,4.8659,7.0503,0.6883,0.832,0.041,10.48,10.35,10.21,0.0928,0.1344,52.4615,144,3.5772,1.6773,5.8985,6.2565,0.067,0.5163,0.5972,8.4398,0.7292,12.4436,0.8056,16.036,0.8681,20.5819,0.9236,24.5249,0.9444,32.2312
MLP-Gaussian-MCDropout-Optuna,TERRA_ACQUA,t+6,test,4.8664,6.7555,0.7177,0.8493,-0.3957,10.35,10.31,10.21,0.0928,0.1288,52.4615,144,3.3892,1.7636,6.5497,6.9181,0.0815,0.2789,0.5903,9.3324,0.7569,13.7596,0.8125,17.7319,0.8889,22.7587,0.9236,27.1186,0.9653,35.6399
MLP-Gaussian-MCDropout-Optuna,TERRA_ACQUA,t+7,test,5.7583,7.8324,0.6329,0.7985,-0.0615,12.87,12.45,12.18,0.0943,0.1283,61.0471,144,3.5561,1.8075,7.2644,7.6171,0.0642,0.5705,0.5694,10.2753,0.7083,15.1497,0.7986,19.5233,0.8819,25.0579,0.9167,29.8584,0.9375,39.2405
MLP-Gaussian-MCDropout-Optuna,TERRA_ACQUA,ALL,test,4.2182,6.2585,0.7619,0.8738,0.0034,9.05,8.94,8.81,0.0666,0.0988,63.3612,1008,3.2976,1.6874,5.316,5.7035,0.063,0.0006,0.6081,7.6939,0.7371,11.3438,0.8065,14.6186,0.874,18.7628,0.9097,22.3573,0.9464,29.3824
MLP-Gaussian-MCDropout-Optuna,TERRA_METEO,t+1,train,2.224,3.5788,0.9568,0.9799,0.5219,5.6,5.35,4.36,0.0277,0.0446,80.2128,1108,2.5861,1.9955,3.9384,4.4954,0.2021,0.0,0.7843,6.0642,0.926,8.9409,0.9612,11.5221,0.9783,14.7885,0.9856,17.6216,0.991,23.1587
MLP-Gaussian-MCDropout-Optuna,TERRA_METEO,t+2,train,2.7617,4.5389,0.9302,0.9661,0.7662,6.75,6.46,5.43,0.0344,0.0566,80.2128,1108,2.6758,1.8696,4.4279,4.9059,0.2084,0.0,0.7247,6.6179,0.8773,9.7574,0.9395,12.5743,0.9702,16.1389,0.981,19.2307,0.9919,25.2734
MLP-Gaussian-MCDropout-Optuna,TERRA_METEO,t+3,train,3.253,5.1675,0.9089,0.9548,0.7043,7.81,7.47,6.41,0.0406,0.0644,80.2128,1108,2.7644,1.7964,4.6712,5.1082,0.1734,0.0,0.6625,6.8908,0.8249,10.1597,0.9025,13.0927,0.9567,16.8044,0.9765,20.0236,0.9928,26.3155
MLP-Gaussian-MCDropout-Optuna,TERRA_METEO,t+4,train,3.6574,5.6803,0.8894,0.9441,0.5718,8.71,8.33,7.23,0.0456,0.0708,80.2128,1108,2.8515,1.793,5.1029,5.5201,0.1556,0.0,0.6255,7.4465,0.7951,10.979,0.8863,14.1485,0.9522,18.1594,0.9711,21.6383,0.9982,28.4375
MLP-Gaussian-MCDropout-Optuna,TERRA_METEO,t+5,train,3.9525,5.9589,0.8779,0.9379,0.4034,9.42,8.9,7.83,0.0493,0.0743,80.2128,1108,2.9248,1.8336,5.5235,5.9318,0.1207,0.0,0.6245,8.0019,0.7987,11.7979,0.8881,15.2039,0.9468,19.514,0.9774,23.2523,0.9919,30.5587
MLP-Gaussian-MCDropout-Optuna,TERRA_METEO,t+6,train,4.282,6.3506,0.8609,0.9285,0.4767,10.17,9.54,8.5,0.0534,0.0792,80.2128,1108,2.9966,1.9253,5.7052,6.1242,0.1108,0.0,0.6038,8.2615,0.7798,12.1806,0.8773,15.6971,0.9449,20.147,0.9765,24.0066,0.991,31.55
MLP-Gaussian-MCDropout-Optuna,TERRA_METEO,t+7,train,4.5806,6.656,0.8467,0.9208,0.5066,10.86,10.14,9.12,0.0571,0.083,80.2128,1108,3.0773,2.0487,6.0774,6.5134,0.1183,0.0,0.6146,8.7864,0.7635,12.9546,0.8682,16.6945,0.9449,21.4272,0.9702,25.532,0.9937,33.5548
MLP-Gaussian-MCDropout-Optuna,TERRA_METEO,ALL,train,3.5302,5.51,0.8961,0.9477,0.5644,8.47,8.03,6.98,0.044,0.0687,80.2128,7756,2.8395,1.8946,5.0638,5.5141,0.1485,0.0,0.6628,7.4385,0.8236,10.9672,0.9033,14.1333,0.9563,18.1399,0.9769,21.615,0.9929,28.407
MLP-Gaussian-MCDropout-Optuna,TERRA_METEO,t+1,val,2.3656,3.3905,0.9311,0.9673,0.8389,5.09,5.03,4.74,0.0432,0.062,54.7076,135,2.6087,1.7747,3.5973,4.0435,0.2167,0.0,0.6667,5.4546,0.8222,8.0422,0.9111,10.3639,0.9704,13.3019,0.9852,15.8502,0.9926,20.8307
MLP-Gaussian-MCDropout-Optuna,TERRA_METEO,t+2,val,2.8844,4.2323,0.8915,0.9468,0.8948,6.13,6.05,5.82,0.0522,0.0765,55.2959,135,2.784,1.6677,4.1174,4.4831,0.2223,0.0,0.5926,6.0476,0.8,8.9165,0.8889,11.4906,0.9481,14.7481,0.963,17.5734,0.9778,23.0954
MLP-Gaussian-MCDropout-Optuna,TERRA_METEO,t+3,val,3.0523,4.1976,0.8924,0.9463,0.684,6.59,6.45,6.24,0.058,0.0798,52.6303,135,2.8345,1.6265,4.4138,4.7484,0.1571,0.0022,0.5852,6.4055,0.7556,9.4442,0.8519,12.1707,0.9481,15.6209,0.9778,18.6134,0.9778,24.4622
MLP-Gaussian-MCDropout-Optuna,TERRA_METEO,t+4,val,3.2212,4.2289,0.8895,0.9439,0.3395,7.0,6.84,6.66,0.0634,0.0833,50.782,135,2.8784,1.628,4.8874,5.2014,0.0941,0.172,0.6148,7.0166,0.763,10.3451,0.9111,13.3317,0.9556,17.1111,0.963,20.3891,0.9852,26.7958
MLP-Gaussian-MCDropout-Optuna,TERRA_METEO,t+5,val,3.6292,4.7323,0.8606,0.9287,0.0138,8.06,7.82,7.57,0.071,0.0925,51.1448,135,2.9556,1.6706,5.3951,5.6988,0.0898,0.2136,0.6148,7.6876,0.7926,11.3345,0.8889,14.6067,0.9333,18.7475,0.9704,22.3391,0.9926,29.3585
MLP-Gaussian-MCDropout-Optuna,TERRA_METEO,t+6,val,4.1503,5.4701,0.8119,0.9019,-0.2665,9.19,8.93,8.69,0.082,0.108,50.6437,135,3.0711,1.728,5.8224,6.1167,0.0987,0.1346,0.5778,8.2513,0.7926,12.1656,0.8963,15.6777,0.9259,20.1222,0.963,23.977,0.9852,31.5112
MLP-Gaussian-MCDropout-Optuna,TERRA_METEO,t+7,val,4.8369,6.3994,0.7504,0.8683,-0.6653,10.57,10.29,10.14,0.0923,0.1222,52.3881,135,3.2208,1.8319,6.3694,6.6716,0.0791,0.3485,0.5556,8.9999,0.7481,13.2693,0.8667,17.1001,0.9185,21.9477,0.9556,26.1523,0.9852,34.37
MLP-Gaussian-MCDropout-Optuna,TERRA_METEO,ALL,val,3.4486,4.7537,0.862,0.9288,0.2628,7.52,7.34,7.1,0.0621,0.0856,55.5171,945,2.9076,1.7039,4.9433,5.2805,0.0915,0.0,0.6011,7.1233,0.782,10.5025,0.8878,13.5345,0.9429,17.3713,0.9683,20.6992,0.9852,27.2034
MLP-Gaussian-MCDropout-Optuna,TERRA_METEO,t+1,test,3.0383,4.7912,0.8673,0.9324,-0.5174,6.46,6.6,6.26,0.058,0.0914,52.4191,144,3.1555,1.9293,4.4136,4.8655,0.1002,0.1038,0.6458,6.5635,0.8056,9.6771,0.8681,12.4708,0.9097,16.0061,0.9722,19.0724,0.9722,25.0654
MLP-Gaussian-MCDropout-Optuna,TERRA_METEO,t+2,test,3.5114,5.3358,0.8297,0.9126,-0.0674,7.54,7.61,7.28,0.0669,0.1017,52.4615,144,3.2644,1.8166,5.465,5.8285,0.1123,0.0488,0.6597,7.8625,0.7847,11.5923,0.8681,14.9389,0.9167,19.1739,0.9306,22.8471,0.9444,30.0262
MLP-Gaussian-MCDropout-Optuna,TERRA_METEO,t+3,test,4.0952,5.8488,0.7893,0.8917,-0.1566,8.83,8.88,8.54,0.0781,0.1115,52.4615,144,3.4506,1.7505,5.809,6.1414,0.0724,0.4182,0.6111,8.2846,0.75,12.2147,0.8333,15.7411,0.8819,20.2034,0.8958,24.0739,0.9375,31.6384
MLP-Gaussian-MCDropout-Optuna,TERRA_METEO,t+4,test,4.6131,6.4981,0.7358,0.8629,-0.3853,10.0,10.04,9.67,0.0879,0.1239,52.4615,144,3.4103,1.7274,6.4934,6.804,0.0782,0.3245,0.5694,9.1785,0.7361,13.5326,0.8125,17.4394,0.8472,22.3833,0.9028,26.6713,0.9444,35.052
MLP-Gaussian-MCDropout-Optuna,TERRA_METEO,t+5,test,5.2852,7.1858,0.6762,0.8284,-0.3,11.54,11.44,11.09,0.1007,0.137,52.4615,144,3.5364,1.7953,7.1358,7.4384,0.0809,0.2869,0.5139,10.0342,0.6944,14.7943,0.8125,19.0654,0.8681,24.4701,0.8889,29.158,0.9722,38.3201
MLP-Gaussian-MCDropout-Optuna,TERRA_METEO,t+6,test,5.9473,8.0039,0.6037,0.7864,-0.1224,13.0,12.78,12.47,0.1134,0.1526,52.4615,144,3.5648,1.9042,7.2973,7.6049,0.0492,0.8599,0.5,10.2589,0.6875,15.1255,0.8125,19.4922,0.8611,25.0179,0.9097,29.8107,0.9722,39.1779
MLP-Gaussian-MCDropout-Optuna,TERRA_METEO,t+7,test,6.8364,8.8514,0.5311,0.7419,0.4258,16.03,15.06,14.46,0.112,0.145,61.0471,144,3.6446,2.0535,7.6867,8.014,0.0527,0.7991,0.4375,10.8107,0.6667,15.9392,0.7639,20.5407,0.8681,26.3637,0.8958,31.4143,0.9444,41.2853
MLP-Gaussian-MCDropout-Optuna,TERRA_METEO,ALL,test,4.761,6.7813,0.7205,0.853,-0.1605,10.49,10.34,9.95,0.0751,0.107,63.3612,1008,3.4324,1.8538,6.3287,6.671,0.0543,0.0051,0.5625,8.999,0.7321,13.268,0.8244,17.0983,0.879,21.9455,0.9137,26.1497,0.9554,34.3665
MLP-Gaussian-MCDropout-Optuna,ACQUA_METEO,t+1,train,9.0208,11.2046,0.5766,0.7639,1.0047,23.52,20.26,17.7,0.1125,0.1397,80.2128,1108,3.7882,3.1714,11.9843,12.4642,0.063,0.0003,0.5298,16.8139,0.7139,24.7902,0.8565,31.947,0.9603,41.0035,0.9946,48.8587,1.0,64.2113
MLP-Gaussian-MCDropout-Optuna,ACQUA_METEO,t+2,train,8.946,11.1612,0.5777,0.7646,0.5267,23.28,20.19,17.6,0.1115,0.1391,80.2128,1108,3.7814,3.0374,11.732,12.1746,0.0438,0.0277,0.5289,16.4233,0.6986,24.2143,0.8493,31.2048,0.9468,40.0509,0.9883,47.7236,1.0,62.7194
MLP-Gaussian-MCDropout-Optuna,ACQUA_METEO,t+3,train,8.9421,11.1532,0.5757,0.7643,0.6668,23.45,20.23,17.63,0.1115,0.139,80.2128,1108,3.7714,2.9908,11.4095,11.8435,0.0455,0.0195,0.5126,15.9767,0.685,23.5558,0.8384,30.3562,0.9422,38.9617,0.9883,46.4258,0.9991,61.0138
MLP-Gaussian-MCDropout-Optuna,ACQUA_METEO,t+4,train,8.9517,11.0982,0.5777,0.7638,0.6008,23.37,20.27,17.69,0.1116,0.1384,80.2128,1108,3.7627,3.021,11.1911,11.6417,0.0457,0.0188,0.5,15.7044,0.6751,23.1544,0.8375,29.8389,0.9449,38.2978,0.9901,45.6347,0.9991,59.9741
MLP-Gaussian-MCDropout-Optuna,ACQUA_METEO,t+5,train,8.9774,11.1277,0.5741,0.7616,0.5415,23.53,20.38,17.79,0.1119,0.1387,80.2128,1108,3.7668,3.0337,11.2081,11.6592,0.0446,0.0235,0.5063,15.728,0.6787,23.1892,0.8267,29.8837,0.9468,38.3554,0.9901,45.7032,0.9991,60.0642
MLP-Gaussian-MCDropout-Optuna,ACQUA_METEO,t+6,train,9.0273,11.1563,0.5707,0.7581,0.4022,23.54,20.52,17.92,0.1125,0.1391,80.2128,1108,3.7773,3.0299,11.4718,11.9191,0.0385,0.0731,0.5072,16.0786,0.6868,23.7061,0.8394,30.5499,0.954,39.2103,0.9919,46.722,1.0,61.4031
MLP-Gaussian-MCDropout-Optuna,ACQUA_METEO,t+7,train,9.0924,11.2336,0.5633,0.7528,0.4117,23.75,20.71,18.09,0.1134,0.14,80.2128,1108,3.7874,3.082,11.6692,12.1158,0.04,0.0566,0.5217,16.3439,0.6913,24.0972,0.843,31.0539,0.954,39.8573,0.9883,47.4929,1.0,62.4163
MLP-Gaussian-MCDropout-Optuna,ACQUA_METEO,ALL,train,8.994,11.1622,0.5738,0.7612,0.5935,23.49,20.37,17.77,0.1121,0.1392,80.2128,7756,3.7764,3.0523,11.5237,11.974,0.0398,0.0,0.5152,16.1527,0.6899,23.8153,0.8415,30.6906,0.9498,39.391,0.9902,46.9373,0.9996,61.686
MLP-Gaussian-MCDropout-Optuna,ACQUA_METEO,t+1,val,9.0571,10.5009,0.3393,0.5878,1.0157,21.67,19.76,18.14,0.1656,0.1919,54.7076,135,3.7823,2.6928,12.6374,12.9473,0.1014,0.1162,0.4963,17.4657,0.7852,25.7512,0.9407,33.1853,0.9926,42.5929,0.9926,50.7526,1.0,66.7002
MLP-Gaussian-MCDropout-Optuna,ACQUA_METEO,t+2,val,9.1456,10.5156,0.3302,0.5783,0.8352,21.81,19.99,18.46,0.1654,0.1902,55.2959,135,3.774,2.6151,12.3022,12.6014,0.0865,0.2495,0.4741,16.999,0.7185,25.0631,0.9333,32.2987,1.0,41.4549,1.0,49.3965,1.0,64.918
MLP-Gaussian-MCDropout-Optuna,ACQUA_METEO,t+3,val,9.4807,10.9722,0.2648,0.5256,1.1715,22.76,20.76,19.37,0.1801,0.2085,52.6303,135,3.7923,2.6532,11.8813,12.1967,0.1037,0.102,0.4444,16.4531,0.6667,24.2583,0.8963,31.2615,0.9852,40.1237,0.9926,47.8103,1.0,62.8334
MLP-Gaussian-MCDropout-Optuna,ACQUA_METEO,t+4,val,9.674,11.2507,0.218,0.4845,0.9839,23.27,21.31,20.0,0.1905,0.2215,50.782,135,3.8033,2.6372,11.6937,12.0109,0.1015,0.1155,0.4222,16.2024,0.6,23.8886,0.8741,30.7851,0.9778,39.5122,1.0,47.0817,1.0,61.8759
MLP-Gaussian-MCDropout-Optuna,ACQUA_METEO,t+5,val,9.7652,11.4517,0.1835,0.4556,1.1513,23.69,21.6,20.38,0.1909,0.2239,51.1448,135,3.8222,2.6569,11.5899,11.916,0.106,0.0894,0.3852,16.0744,0.5926,23.6999,0.8444,30.5419,0.9704,39.2001,0.9852,46.7098,1.0,61.3871
MLP-Gaussian-MCDropout-Optuna,ACQUA_METEO,t+6,val,9.7269,11.5115,0.1671,0.4354,0.4045,23.44,21.62,20.38,0.1921,0.2273,50.6437,135,3.8326,2.6027,11.7424,12.051,0.0899,0.2124,0.4296,16.2566,0.5778,23.9684,0.8519,30.888,0.9556,39.6443,0.9852,47.239,1.0,62.0826
MLP-Gaussian-MCDropout-Optuna,ACQUA_METEO,t+7,val,10.0341,11.834,0.1464,0.4134,0.4194,24.15,22.21,21.04,0.1915,0.2259,52.3881,135,3.8671,2.6867,11.9004,12.2219,0.0839,0.2815,0.4296,16.4871,0.5704,24.3084,0.8519,31.326,0.9481,40.2065,0.9778,47.909,1.0,62.9632
MLP-Gaussian-MCDropout-Optuna,ACQUA_METEO,ALL,val,9.5548,11.158,0.2397,0.501,0.8545,22.97,21.04,19.66,0.1721,0.201,55.5171,945,3.8106,2.6492,11.9639,12.2779,0.0799,0.0,0.4402,16.5626,0.6444,24.4197,0.8847,31.4695,0.9757,40.3907,0.9905,48.1284,1.0,63.2515
MLP-Gaussian-MCDropout-Optuna,ACQUA_METEO,t+1,test,10.026,12.1189,0.1511,0.4181,-1.6663,23.06,21.95,20.64,0.1913,0.2312,52.4191,144,3.9145,3.1147,13.49,13.8654,0.0816,0.2774,0.5069,18.7042,0.6597,27.5772,0.8819,35.5386,0.9792,45.6133,0.9931,54.3516,1.0,71.4301
MLP-Gaussian-MCDropout-Optuna,ACQUA_METEO,t+2,test,9.7134,11.9381,0.1477,0.4161,-1.7679,22.36,21.39,20.14,0.1852,0.2276,52.4615,144,3.8991,3.0157,13.1471,13.5089,0.0827,0.264,0.5208,18.2232,0.6597,26.868,0.8681,34.6247,0.9653,44.4403,0.9861,52.9539,1.0,69.5932
MLP-Gaussian-MCDropout-Optuna,ACQUA_METEO,t+3,test,9.6117,11.8078,0.1411,0.4029,-1.4367,22.32,21.27,20.04,0.1832,0.2251,52.4615,144,3.8903,2.9852,12.8187,13.1803,0.0686,0.4853,0.5069,17.78,0.6806,26.2145,0.8542,33.7825,0.9514,43.3594,0.9931,51.6659,1.0,67.9004
MLP-Gaussian-MCDropout-Optuna,ACQUA_METEO,t+4,test,9.7169,11.9567,0.1054,0.3703,-1.5952,22.44,21.57,20.37,0.1852,0.2279,52.4615,144,3.8907,3.0116,12.6092,12.9814,0.0746,0.3813,0.5347,17.5116,0.6875,25.8189,0.8264,33.2727,0.9375,42.705,0.9792,50.8862,1.0,66.8757
MLP-Gaussian-MCDropout-Optuna,ACQUA_METEO,t+5,test,9.8969,11.9185,0.1093,0.3725,-1.6431,22.81,21.95,20.77,0.1887,0.2272,52.4615,144,3.899,2.9979,12.4936,12.8683,0.0763,0.3535,0.5,17.3591,0.6667,25.594,0.8264,32.9828,0.9444,42.333,0.9861,50.4428,0.9931,66.2931
MLP-Gaussian-MCDropout-Optuna,ACQUA_METEO,t+6,test,10.2207,12.3455,0.0572,0.3298,-2.2995,23.13,22.56,21.44,0.1948,0.2353,52.4615,144,3.9297,2.9371,12.6833,13.0357,0.0963,0.1298,0.4931,17.5848,0.6458,25.9268,0.8194,33.4118,0.9375,42.8835,0.9792,51.0989,1.0,67.1553
MLP-Gaussian-MCDropout-Optuna,ACQUA_METEO,t+7,test,10.2126,12.3378,0.089,0.3487,-1.8527,24.11,22.85,21.6,0.1673,0.2021,61.0471,144,3.9303,2.9962,12.8293,13.1916,0.1023,0.0916,0.5,17.7952,0.6528,26.237,0.8056,33.8114,0.9583,43.3965,0.9861,51.7101,1.0,67.9586
MLP-Gaussian-MCDropout-Optuna,ACQUA_METEO,ALL,test,9.914,12.0621,0.1157,0.3817,-1.7516,22.89,21.93,20.71,0.1565,0.1904,63.3612,1008,3.9077,3.0083,12.8673,13.2331,0.0726,0.0,0.5089,17.8512,0.6647,26.3195,0.8403,33.9178,0.9534,43.533,0.9861,51.8728,0.999,68.1724
MLP-Gaussian-MCDropout-Optuna,TOTALE,t+1,train,2.0189,3.2256,0.9649,0.9824,0.017,4.62,4.53,3.96,0.0252,0.0402,80.2128,1108,2.61,2.4918,4.0534,4.8655,0.1722,0.0,0.8357,6.5635,0.9359,9.6771,0.9711,12.4708,0.9865,16.0061,0.9919,19.0725,0.9982,25.0655
MLP-Gaussian-MCDropout-Optuna,TOTALE,t+2,train,2.4767,4.2107,0.9399,0.9701,0.1282,5.5,5.44,4.87,0.0309,0.0525,80.2128,1108,2.6781,2.2826,4.3635,5.0561,0.1718,0.0,0.7653,6.8205,0.8971,10.0561,0.954,12.9592,0.9756,16.633,0.9847,19.8195,0.9991,26.0472
MLP-Gaussian-MCDropout-Optuna,TOTALE,t+3,train,2.9216,4.8823,0.9187,0.9587,0.1519,6.52,6.4,5.76,0.0364,0.0609,80.2128,1108,2.7745,2.141,4.8485,5.4313,0.16,0.0,0.7229,7.3268,0.8655,10.8025,0.9314,13.9211,0.9684,17.8675,0.9856,21.2905,0.9955,27.9804
MLP-Gaussian-MCDropout-Optuna,TOTALE,t+4,train,3.3469,5.4385,0.8986,0.9482,0.2079,7.52,7.33,6.61,0.0417,0.0678,80.2128,1108,2.8449,1.9907,5.1517,5.6396,0.1372,0.0,0.6922,7.6077,0.8439,11.2167,0.9134,14.4548,0.963,18.5526,0.9819,22.1068,0.9973,29.0532
MLP-Gaussian-MCDropout-Optuna,TOTALE,t+5,train,3.6935,5.7866,0.8848,0.9412,0.1824,8.37,8.06,7.32,0.046,0.0721,80.2128,1108,2.9178,1.9517,5.5896,6.0331,0.1165,0.0,0.6706,8.1385,0.8258,11.9993,0.9007,15.4634,0.9585,19.8471,0.9847,23.6493,0.9973,31.0804
MLP-Gaussian-MCDropout-Optuna,TOTALE,t+6,train,4.0526,6.101,0.8716,0.9341,0.3723,9.44,8.85,8.05,0.0505,0.0761,80.2128,1108,2.9958,1.915,5.9907,6.3843,0.1069,0.0,0.6561,8.6123,0.8186,12.6978,0.8944,16.3636,0.9549,21.0024,0.9847,25.0259,0.9991,32.8897
MLP-Gaussian-MCDropout-Optuna,TOTALE,t+7,train,4.3777,6.4812,0.8546,0.9249,0.1392,10.09,9.52,8.71,0.0546,0.0808,80.2128,1108,3.0653,1.982,6.2264,6.6308,0.0813,0.0,0.6381,8.9448,0.7978,13.1881,0.8926,16.9954,0.9486,21.8133,0.9801,25.9922,0.9964,34.1595
MLP-Gaussian-MCDropout-Optuna,TOTALE,ALL,train,3.2697,5.268,0.9051,0.9517,0.1713,7.44,7.16,6.46,0.0408,0.0657,80.2128,7756,2.8409,2.1078,5.1748,5.7201,0.1319,0.0,0.7116,7.7163,0.855,11.3768,0.9225,14.6612,0.9651,18.8174,0.9848,22.4224,0.9976,29.468
MLP-Gaussian-MCDropout-Optuna,TOTALE,t+1,val,1.931,2.7964,0.9531,0.9766,-0.3187,4.2,4.22,3.87,0.0353,0.0511,54.7076,135,2.4846,1.896,3.2209,3.7802,0.1547,0.0027,0.7481,5.0994,0.8741,7.5184,0.9407,9.689,0.9704,12.4357,0.9778,14.818,0.9852,19.4742
MLP-Gaussian-MCDropout-Optuna,TOTALE,t+2,val,2.6047,3.8282,0.9112,0.9552,-0.2414,5.63,5.65,5.26,0.0471,0.0692,55.2959,135,2.7166,1.736,3.6352,4.0864,0.0937,0.175,0.6222,5.5125,0.8148,8.1275,0.8889,10.4739,0.9407,13.4431,0.9704,16.0184,0.9778,21.0518
MLP-Gaussian-MCDropout-Optuna,TOTALE,t+3,val,3.0425,4.138,0.8954,0.9464,-0.2058,6.66,6.57,6.22,0.0578,0.0786,52.6303,135,2.8066,1.6436,4.1537,4.5267,0.0735,0.4385,0.5259,6.1065,0.7704,9.0033,0.8815,11.6025,0.9259,14.8916,0.9556,17.7445,0.9704,23.3202
MLP-Gaussian-MCDropout-Optuna,TOTALE,t+4,val,3.4396,4.3919,0.8808,0.9389,-0.2499,7.56,7.4,7.11,0.0677,0.0865,50.782,135,2.8726,1.5216,4.6458,4.9391,0.0777,0.3692,0.4741,6.6628,0.7407,9.8235,0.8963,12.6594,0.9407,16.2482,0.9556,19.3609,0.9852,25.4446
MLP-Gaussian-MCDropout-Optuna,TOTALE,t+5,val,3.9236,4.9133,0.8497,0.9227,-0.3869,8.83,8.61,8.19,0.0767,0.0961,51.1448,135,2.953,1.4695,5.2711,5.521,0.0897,0.2142,0.4741,7.4477,0.7333,10.9808,0.8963,14.1508,0.9556,18.1624,0.963,21.6418,0.9926,28.4422
MLP-Gaussian-MCDropout-Optuna,TOTALE,t+6,val,4.6991,5.9788,0.7753,0.8815,-0.3575,10.94,10.45,9.84,0.0928,0.1181,50.6437,135,3.1024,1.4615,5.7929,6.0176,0.0866,0.2486,0.437,8.1177,0.7111,11.9686,0.8667,15.4238,0.9481,19.7963,0.963,23.5887,0.9852,31.0008
MLP-Gaussian-MCDropout-Optuna,TOTALE,t+7,val,5.4845,7.1196,0.691,0.8343,-0.8631,12.53,12.0,11.5,0.1047,0.1359,52.3881,135,3.2835,1.5134,6.2972,6.5211,0.0998,0.1266,0.4667,8.7968,0.6296,12.9698,0.8519,16.7141,0.9333,21.4524,0.9704,25.5621,0.9852,33.5943
MLP-Gaussian-MCDropout-Optuna,TOTALE,ALL,val,3.5893,4.9202,0.8522,0.9236,-0.3748,8.05,7.84,7.39,0.0647,0.0886,55.5171,945,2.8885,1.606,4.7167,5.056,0.0714,0.0001,0.5354,6.8205,0.7534,10.056,0.8889,12.9591,0.945,16.6328,0.9651,19.8192,0.9831,26.0469
MLP-Gaussian-MCDropout-Optuna,TOTALE,t+1,test,3.123,4.8269,0.8653,0.9323,-0.8093,6.69,6.82,6.43,0.0596,0.0921,52.4191,144,3.1078,2.0023,3.6287,4.2232,0.1076,0.0661,0.5833,5.697,0.7639,8.3996,0.875,10.8245,0.9167,13.8931,0.9514,16.5547,0.9653,21.7566
MLP-Gaussian-MCDropout-Optuna,TOTALE,t+2,test,3.7804,5.6724,0.8076,0.9017,-0.5908,7.97,8.13,7.84,0.0721,0.1081,52.4615,144,3.3795,1.9148,4.1729,4.6868,0.0667,0.5226,0.5208,6.3224,0.7014,9.3217,0.7917,12.0128,0.8611,15.4183,0.9236,18.372,0.9306,24.1449
MLP-Gaussian-MCDropout-Optuna,TOTALE,t+3,test,4.5364,6.1937,0.7637,0.8771,-0.5724,9.57,9.65,9.46,0.0865,0.1181,52.4615,144,3.7203,1.8855,4.6958,5.1643,0.0999,0.1053,0.4653,6.9666,0.6042,10.2714,0.7639,13.2367,0.8403,16.9891,0.8681,20.2438,0.9028,26.6048
MLP-Gaussian-MCDropout-Optuna,TOTALE,t+4,test,4.8726,6.4411,0.7404,0.8633,-0.5998,10.41,10.4,10.22,0.0929,0.1228,52.4615,144,3.6612,1.7476,5.1752,5.5488,0.1114,0.0518,0.4444,7.4852,0.6042,11.036,0.7014,14.2221,0.8264,18.2538,0.875,21.7508,0.9236,28.5853
MLP-Gaussian-MCDropout-Optuna,TOTALE,t+5,test,5.2203,6.6919,0.7192,0.851,-0.7127,11.32,11.21,10.96,0.0995,0.1276,52.4615,144,3.6534,1.6678,5.7635,6.0754,0.1131,0.0463,0.4514,8.1956,0.5903,12.0834,0.7014,15.5719,0.8264,19.9863,0.8958,23.8151,0.9236,31.2984
MLP-Gaussian-MCDropout-Optuna,TOTALE,t+6,test,6.0772,7.8175,0.622,0.7911,-0.444,13.32,12.95,12.75,0.1158,0.149,52.4615,144,3.7888,1.6254,6.2875,6.5515,0.0937,0.1495,0.4444,8.8378,0.6389,13.0303,0.7361,16.7921,0.8264,21.5524,0.8819,25.6812,0.9306,33.7509
MLP-Gaussian-MCDropout-Optuna,TOTALE,t+7,test,6.9297,8.8529,0.531,0.7327,-0.3801,15.93,15.15,14.66,0.1135,0.145,61.0471,144,3.8553,1.6876,6.707,6.9708,0.0905,0.1779,0.4097,9.4035,0.5972,13.8644,0.7153,17.867,0.7986,22.932,0.8403,27.3252,0.9306,35.9114
MLP-Gaussian-MCDropout-Optuna,TOTALE,ALL,test,4.9342,6.7569,0.7225,0.8526,-0.587,10.74,10.62,10.31,0.0779,0.1066,63.3612,1008,3.5952,1.7901,5.2044,5.603,0.0829,0.0,0.4742,7.5583,0.6429,11.1438,0.755,14.361,0.8423,18.4321,0.8909,21.9633,0.9296,28.8646
