coltura,fase,valore_libro,scala_media,scala_std,scala_p5,scala_p95,kc_calibrato,prior_std_kc,riduzione_vs_prior
carciofo,kc_ini,0.5,0.9808680935026433,0.5613386836421917,0.1766324124567448,1.9844967668307936,0.49043404675132163,0.8,0.2983266454472604
carciofo,kc_mid,1.0,1.0794972924993085,0.6067641198937087,0.19631947260725638,2.164286513538212,1.0794972924993085,0.8,0.2415448501328642
carciofo,kc_end,0.95,1.1923318121975435,0.6622366908399394,0.24285909991624627,2.4220297350043465,1.1327152215876664,0.8,0.17220413645007582
melissa,kc_ini,0.4,0.7794365619541744,0.49473870026696004,0.1409985757058381,1.7246207755309435,0.3117746247816698,0.8,0.38157662466629994
melissa,kc_mid,1.1,0.975129687511285,0.4991418788132726,0.21530815663028038,1.8312734003890987,1.0726426562624136,0.8,0.3760726514834093
melissa,kc_end,0.7,1.056326500695393,0.6209937049801167,0.16610373250539096,2.1823485482016434,0.739428550486775,0.8,0.22375786877485415
passiflora,kc_ini,0.5,0.7482662929772309,0.4964204223605357,0.11118354243023582,1.6721310012655337,0.37413314648861545,0.8,0.3794744720493304
passiflora,kc_mid,1.05,1.2589284201545579,0.5796344060911716,0.3201325534209275,2.2432815999483857,1.3218748411622858,0.8,0.2754569923860356
passiflora,kc_end,0.8,1.157959051490172,0.6532403309558694,0.19336209531539672,2.3054658786533038,0.9263672411921378,0.8,0.18344958630516328
