model,feature_set,horizon,split,event_weight,n,MAE,RMSE,R2,ev_n,ev_MAE,dc_n,dc_MAE
Ridge,ACQUA,t+1,train,1.8177543212418936,1108,1.7646,3.6573,0.9549,331,1.9193,777,1.6987
Ridge,ACQUA,t+2,train,1.8177543212418936,1108,2.9483,5.1869,0.9088,331,2.9627,777,2.9422
Ridge,ACQUA,t+3,train,1.8177543212418936,1108,3.8435,6.1344,0.8716,331,3.6403,777,3.9301
Ridge,ACQUA,t+4,train,1.8177543212418936,1108,4.5443,6.8682,0.8383,331,4.1794,777,4.6997
Ridge,ACQUA,t+5,train,1.8177543212418936,1108,5.1028,7.4638,0.8084,331,4.6016,777,5.3164
Ridge,ACQUA,t+6,train,1.8177543212418936,1108,5.5773,7.9913,0.7797,331,4.97,777,5.836
Ridge,ACQUA,t+7,train,1.8177543212418936,1108,5.9974,8.3955,0.7561,331,5.3856,777,6.258
Ridge,ACQUA,ALL,train,1.8177543212418936,7756,4.254,6.7096,0.846,2317,3.9513,5439,4.383
Ridge,ACQUA,t+1,val,1.8177543212418936,135,1.387,2.7097,0.956,37,1.9315,98,1.1814
Ridge,ACQUA,t+2,val,1.8177543212418936,135,2.4553,4.2932,0.8884,37,3.1843,98,2.1801
Ridge,ACQUA,t+3,val,1.8177543212418936,135,3.0512,4.7165,0.8641,37,3.3883,98,2.9239
Ridge,ACQUA,t+4,val,1.8177543212418936,135,3.4218,4.9002,0.8517,37,3.4412,98,3.4145
Ridge,ACQUA,t+5,val,1.8177543212418936,135,3.7778,5.2075,0.8312,37,3.6969,98,3.8083
Ridge,ACQUA,t+6,val,1.8177543212418936,135,4.258,5.6663,0.7982,37,3.9891,98,4.3596
Ridge,ACQUA,t+7,val,1.8177543212418936,135,4.7927,6.2035,0.7654,37,4.4195,98,4.9336
Ridge,ACQUA,ALL,val,1.8177543212418936,945,3.3062,4.9243,0.8519,259,3.4358,686,3.2573
Ridge,ACQUA,t+1,test,1.8177543212418936,144,2.028,3.9858,0.9082,35,3.6375,109,1.5111
Ridge,ACQUA,t+2,test,1.8177543212418936,144,3.1291,5.0805,0.8456,35,4.0097,109,2.8463
Ridge,ACQUA,t+3,test,1.8177543212418936,144,3.7997,5.6973,0.8,35,4.5525,109,3.5579
Ridge,ACQUA,t+4,test,1.8177543212418936,144,3.9252,5.8526,0.7857,35,4.9881,109,3.5839
Ridge,ACQUA,t+5,test,1.8177543212418936,144,4.0004,5.655,0.7995,35,4.8849,109,3.7163
Ridge,ACQUA,t+6,test,1.8177543212418936,144,4.7009,6.6625,0.7254,35,5.1104,109,4.5694
Ridge,ACQUA,t+7,test,1.8177543212418936,144,5.7177,7.7075,0.6445,35,6.1651,109,5.5741
Ridge,ACQUA,ALL,test,1.8177543212418936,1008,3.9001,5.9062,0.788,245,4.764,763,3.6227
RF,ACQUA,t+1,train,7.064646914419925,1108,1.7221,3.6603,0.9548,331,1.733,777,1.7175
RF,ACQUA,t+2,train,7.064646914419925,1108,2.8129,5.0712,0.9128,331,2.5672,777,2.9175
RF,ACQUA,t+3,train,7.064646914419925,1108,3.6939,5.9396,0.8797,331,3.1348,777,3.932
RF,ACQUA,t+4,train,7.064646914419925,1108,4.3546,6.6158,0.85,331,3.6548,777,4.6528
RF,ACQUA,t+5,train,7.064646914419925,1108,4.8737,7.2109,0.8212,331,4.1126,777,5.1979
RF,ACQUA,t+6,train,7.064646914419925,1108,5.3519,7.715,0.7947,331,4.5458,777,5.6953
RF,ACQUA,t+7,train,7.064646914419925,1108,5.7307,8.1444,0.7705,331,5.0496,777,6.0209
RF,ACQUA,ALL,train,7.064646914419925,7756,4.0771,6.5029,0.8553,2317,3.5426,5439,4.3048
RF,ACQUA,t+1,val,7.064646914419925,135,1.3593,2.6783,0.957,37,1.9363,98,1.1415
RF,ACQUA,t+2,val,7.064646914419925,135,2.3448,3.9546,0.9053,37,2.9779,98,2.1058
RF,ACQUA,t+3,val,7.064646914419925,135,2.9752,4.3516,0.8844,37,3.145,98,2.9111
RF,ACQUA,t+4,val,7.064646914419925,135,3.4342,4.6678,0.8654,37,3.1904,98,3.5263
RF,ACQUA,t+5,val,7.064646914419925,135,3.8338,5.0708,0.8399,37,3.3932,98,4.0002
RF,ACQUA,t+6,val,7.064646914419925,135,4.3413,5.6053,0.8025,37,3.8424,98,4.5296
RF,ACQUA,t+7,val,7.064646914419925,135,4.8681,6.303,0.7578,37,4.3868,98,5.0498
RF,ACQUA,ALL,val,7.064646914419925,945,3.3081,4.7869,0.8601,259,3.2674,686,3.3235
RF,ACQUA,t+1,test,7.064646914419925,144,1.9733,4.0223,0.9065,35,3.7096,109,1.4157
RF,ACQUA,t+2,test,7.064646914419925,144,3.0386,5.1845,0.8393,35,3.9331,109,2.7514
RF,ACQUA,t+3,test,7.064646914419925,144,3.7458,5.704,0.7996,35,4.3607,109,3.5484
RF,ACQUA,t+4,test,7.064646914419925,144,4.1441,6.1528,0.7631,35,4.699,109,3.9659
RF,ACQUA,t+5,test,7.064646914419925,144,4.5201,6.36,0.7464,35,5.4281,109,4.2285
RF,ACQUA,t+6,test,7.064646914419925,144,5.0252,6.904,0.7051,35,5.3492,109,4.9211
RF,ACQUA,t+7,test,7.064646914419925,144,5.8701,7.8751,0.6288,35,6.2461,109,5.7494
RF,ACQUA,ALL,test,7.064646914419925,1008,4.0453,6.1364,0.7711,245,4.818,763,3.7972
MLP,ACQUA,t+1,train,9.787931935842602,1108,1.5169,3.6272,0.9556,331,1.562,777,1.4976
MLP,ACQUA,t+2,train,9.787931935842602,1108,2.5453,5.0939,0.912,331,2.3258,777,2.6388
MLP,ACQUA,t+3,train,9.787931935842602,1108,3.3823,5.9418,0.8796,331,2.8066,777,3.6275
MLP,ACQUA,t+4,train,9.787931935842602,1108,4.0141,6.6021,0.8506,331,3.1499,777,4.3822
MLP,ACQUA,t+5,train,9.787931935842602,1108,4.5528,7.2159,0.8209,331,3.5392,777,4.9846
MLP,ACQUA,t+6,train,9.787931935842602,1108,5.0345,7.727,0.7941,331,3.9302,777,5.5049
MLP,ACQUA,t+7,train,9.787931935842602,1108,5.4394,8.1205,0.7718,331,4.4227,777,5.8725
MLP,ACQUA,ALL,train,9.787931935842602,7756,3.7836,6.4996,0.8555,2317,3.1052,5439,4.0726
MLP,ACQUA,t+1,val,9.787931935842602,135,1.0945,2.6967,0.9564,37,1.5278,98,0.931
MLP,ACQUA,t+2,val,9.787931935842602,135,2.0165,3.9293,0.9065,37,2.4635,98,1.8477
MLP,ACQUA,t+3,val,9.787931935842602,135,2.4881,3.9478,0.9048,37,2.351,98,2.5399
MLP,ACQUA,t+4,val,9.787931935842602,135,2.8579,4.1187,0.8952,37,2.2436,98,3.0897
MLP,ACQUA,t+5,val,9.787931935842602,135,3.2833,4.5203,0.8728,37,2.4957,98,3.5806
MLP,ACQUA,t+6,val,9.787931935842602,135,3.7836,5.0474,0.8399,37,2.9145,98,4.1117
MLP,ACQUA,t+7,val,9.787931935842602,135,4.3131,5.7898,0.7957,37,3.3659,98,4.6707
MLP,ACQUA,ALL,val,9.787931935842602,945,2.8338,4.3865,0.8825,259,2.4803,686,2.9673
MLP,ACQUA,t+1,test,9.787931935842602,144,1.7076,3.6107,0.9246,35,3.577,109,1.1074
MLP,ACQUA,t+2,test,9.787931935842602,144,2.6124,4.7608,0.8645,35,3.6411,109,2.2821
MLP,ACQUA,t+3,test,9.787931935842602,144,3.2009,5.2899,0.8276,35,4.0806,109,2.9185
MLP,ACQUA,t+4,test,9.787931935842602,144,3.5285,5.8056,0.7891,35,4.2703,109,3.2903
MLP,ACQUA,t+5,test,9.787931935842602,144,3.8964,5.9939,0.7747,35,5.1309,109,3.5001
MLP,ACQUA,t+6,test,9.787931935842602,144,4.502,6.8101,0.7131,35,5.3107,109,4.2424
MLP,ACQUA,t+7,test,9.787931935842602,144,5.3443,7.5593,0.658,35,6.1753,109,5.0775
MLP,ACQUA,ALL,test,9.787931935842602,1008,3.5417,5.8167,0.7944,245,4.598,763,3.2026
LSTM,ACQUA,t+1,train,3.0,742,1.3384,2.9208,0.9705,236,1.6945,506,1.1723
LSTM,ACQUA,t+2,train,3.0,742,2.4121,4.6132,0.9259,236,2.5634,506,2.3415
LSTM,ACQUA,t+3,train,3.0,742,3.3289,5.742,0.8844,236,3.2215,506,3.379
LSTM,ACQUA,t+4,train,3.0,742,4.2367,6.7543,0.839,236,4.0899,506,4.3052
LSTM,ACQUA,t+5,train,3.0,742,4.7903,7.3567,0.8079,236,4.3954,506,4.9745
LSTM,ACQUA,t+6,train,3.0,742,5.274,7.7717,0.7843,236,5.0081,506,5.3979
LSTM,ACQUA,t+7,train,3.0,742,5.3237,7.7825,0.7825,236,5.0523,506,5.4502
LSTM,ACQUA,ALL,train,3.0,5194,3.8149,6.3639,0.8572,1652,3.7179,3542,3.8601
LSTM,ACQUA,t+1,val,3.0,129,1.1279,2.7668,0.9464,34,1.6566,95,0.9387
LSTM,ACQUA,t+2,val,3.0,129,2.094,3.897,0.8924,34,2.6159,95,1.9072
LSTM,ACQUA,t+3,val,3.0,129,2.5734,4.0567,0.8829,34,2.6798,95,2.5354
LSTM,ACQUA,t+4,val,3.0,129,2.9855,4.2685,0.8696,34,2.6454,95,3.1072
LSTM,ACQUA,t+5,val,3.0,129,3.3945,4.5994,0.848,34,2.8696,95,3.5824
LSTM,ACQUA,t+6,val,3.0,129,3.9087,5.1265,0.8117,34,3.4194,95,4.0838
LSTM,ACQUA,t+7,val,3.0,129,4.4389,5.7905,0.7726,34,4.0014,95,4.5955
LSTM,ACQUA,ALL,val,3.0,903,2.9318,4.4479,0.8608,238,2.8411,665,2.9643
LSTM,ACQUA,t+1,test,3.0,143,1.6672,3.8962,0.9112,34,3.5929,109,1.0666
LSTM,ACQUA,t+2,test,3.0,143,2.713,5.0559,0.8452,34,3.8912,109,2.3455
LSTM,ACQUA,t+3,test,3.0,143,3.3627,5.7094,0.7968,34,4.028,109,3.1552
LSTM,ACQUA,t+4,test,3.0,143,3.7292,6.1298,0.7625,34,4.3359,109,3.54
LSTM,ACQUA,t+5,test,3.0,143,4.1718,6.397,0.7417,34,5.4419,109,3.7756
LSTM,ACQUA,t+6,test,3.0,143,4.5114,6.7943,0.7138,34,5.0609,109,4.3401
LSTM,ACQUA,t+7,test,3.0,143,5.1935,7.2701,0.6838,34,5.5894,109,5.07
LSTM,ACQUA,ALL,test,3.0,1001,3.6213,5.9863,0.7805,238,4.5629,763,3.3276
Ridge,TERRA,t+1,train,1.0002480509041243,1108,1.7559,3.7179,0.9534,331,1.9752,777,1.6625
Ridge,TERRA,t+2,train,1.0002480509041243,1108,2.9494,5.2637,0.9061,331,3.0922,777,2.8885
Ridge,TERRA,t+3,train,1.0002480509041243,1108,3.9002,6.2756,0.8657,331,3.881,777,3.9084
Ridge,TERRA,t+4,train,1.0002480509041243,1108,4.6677,7.0553,0.8294,331,4.4385,777,4.7653
Ridge,TERRA,t+5,train,1.0002480509041243,1108,5.2497,7.6526,0.7986,331,4.766,777,5.4558
Ridge,TERRA,t+6,train,1.0002480509041243,1108,5.7568,8.1382,0.7716,331,5.1621,777,6.0101
Ridge,TERRA,t+7,train,1.0002480509041243,1108,6.1561,8.5327,0.7481,331,5.654,777,6.37
Ridge,TERRA,ALL,train,1.0002480509041243,7756,4.348,6.8483,0.8396,2317,4.1384,5439,4.4372
Ridge,TERRA,t+1,val,1.0002480509041243,135,1.2895,2.7651,0.9542,37,1.8565,98,1.0754
Ridge,TERRA,t+2,val,1.0002480509041243,135,2.2487,3.8794,0.9088,37,2.7313,98,2.0665
Ridge,TERRA,t+3,val,1.0002480509041243,135,2.759,4.0659,0.899,37,2.8229,98,2.7348
Ridge,TERRA,t+4,val,1.0002480509041243,135,3.1799,4.3131,0.8851,37,2.8905,98,3.2892
Ridge,TERRA,t+5,val,1.0002480509041243,135,3.603,4.7175,0.8614,37,3.2217,98,3.747
Ridge,TERRA,t+6,val,1.0002480509041243,135,4.057,5.2503,0.8267,37,3.7194,98,4.1844
Ridge,TERRA,t+7,val,1.0002480509041243,135,4.5312,6.0106,0.7798,37,4.2994,98,4.6187
Ridge,TERRA,ALL,val,1.0002480509041243,945,3.0955,4.5321,0.8746,259,3.0774,686,3.1023
Ridge,TERRA,t+1,test,1.0002480509041243,144,1.7128,3.9168,0.9113,35,3.4788,109,1.1457
Ridge,TERRA,t+2,test,1.0002480509041243,144,2.714,5.0339,0.8485,35,3.5627,109,2.4415
Ridge,TERRA,t+3,test,1.0002480509041243,144,3.4965,5.7747,0.7946,35,3.9931,109,3.3371
Ridge,TERRA,t+4,test,1.0002480509041243,144,3.9685,6.213,0.7585,35,4.2108,109,3.8906
Ridge,TERRA,t+5,test,1.0002480509041243,144,4.5181,6.7282,0.7162,35,5.6382,109,4.1584
Ridge,TERRA,t+6,test,1.0002480509041243,144,5.0749,7.2918,0.6711,35,5.3896,109,4.9738
Ridge,TERRA,t+7,test,1.0002480509041243,144,5.8814,7.9167,0.6249,35,5.8913,109,5.8782
Ridge,TERRA,ALL,test,1.0002480509041243,1008,3.9094,6.2535,0.7623,245,4.5949,763,3.6893
RF,TERRA,t+1,train,9.698755352731423,1108,0.9711,2.1764,0.984,331,0.8206,777,1.0353
RF,TERRA,t+2,train,9.698755352731423,1108,1.3796,2.7846,0.9737,331,1.0939,777,1.5013
RF,TERRA,t+3,train,9.698755352731423,1108,1.6028,2.9537,0.9702,331,1.1802,777,1.7828
RF,TERRA,t+4,train,9.698755352731423,1108,1.6929,3.0152,0.9688,331,1.2281,777,1.8909
RF,TERRA,t+5,train,9.698755352731423,1108,1.7879,3.0596,0.9678,331,1.2594,777,2.013
RF,TERRA,t+6,train,9.698755352731423,1108,1.8919,3.1686,0.9654,331,1.2955,777,2.1459
RF,TERRA,t+7,train,9.698755352731423,1108,2.0064,3.3209,0.9618,331,1.334,777,2.2929
RF,TERRA,ALL,train,9.698755352731423,7756,1.6189,2.9456,0.9703,2317,1.1731,5439,1.8089
RF,TERRA,t+1,val,9.698755352731423,135,1.1224,2.7695,0.954,37,1.7634,98,0.8804
RF,TERRA,t+2,val,9.698755352731423,135,1.9793,4.0153,0.9023,37,2.7045,98,1.7055
RF,TERRA,t+3,val,9.698755352731423,135,2.4108,3.8394,0.91,37,2.5657,98,2.3523
RF,TERRA,t+4,val,9.698755352731423,135,2.7312,3.8414,0.9088,37,2.5082,98,2.8154
RF,TERRA,t+5,val,9.698755352731423,135,3.1456,4.2628,0.8869,37,2.8656,98,3.2513
RF,TERRA,t+6,val,9.698755352731423,135,3.7891,5.0245,0.8413,37,3.4515,98,3.9165
RF,TERRA,t+7,val,9.698755352731423,135,4.6023,5.9461,0.7845,37,4.21,98,4.7503
RF,TERRA,ALL,val,9.698755352731423,945,2.8258,4.3435,0.8848,259,2.867,686,2.8102
RF,TERRA,t+1,test,9.698755352731423,144,1.8264,3.9118,0.9115,35,3.7808,109,1.1988
RF,TERRA,t+2,test,9.698755352731423,144,2.9309,5.1253,0.8429,35,3.945,109,2.6053
RF,TERRA,t+3,test,9.698755352731423,144,3.6315,5.8801,0.787,35,4.4211,109,3.378
RF,TERRA,t+4,test,9.698755352731423,144,3.8714,6.3038,0.7513,35,4.6539,109,3.6202
RF,TERRA,t+5,test,9.698755352731423,144,4.1832,6.6548,0.7223,35,6.0703,109,3.5772
RF,TERRA,t+6,test,9.698755352731423,144,4.7309,7.025,0.6947,35,5.967,109,4.334
RF,TERRA,t+7,test,9.698755352731423,144,5.4922,7.6453,0.6502,35,6.6361,109,5.1249
RF,TERRA,ALL,test,9.698755352731423,1008,3.8095,6.1872,0.7673,245,5.0677,763,3.4055
MLP,TERRA,t+1,train,1.0224165581780906,1108,1.2134,2.7231,0.975,331,1.5547,777,1.068
MLP,TERRA,t+2,train,1.0224165581780906,1108,2.0728,4.1236,0.9423,331,2.3371,777,1.9602
MLP,TERRA,t+3,train,1.0224165581780906,1108,2.6985,4.8833,0.9187,331,2.7317,777,2.6844
MLP,TERRA,t+4,train,1.0224165581780906,1108,3.1066,5.2689,0.9048,331,2.906,777,3.1921
MLP,TERRA,t+5,train,1.0224165581780906,1108,3.417,5.4681,0.8972,331,3.0102,777,3.5903
MLP,TERRA,t+6,train,1.0224165581780906,1108,3.647,5.6039,0.8917,331,3.1571,777,3.8558
MLP,TERRA,t+7,train,1.0224165581780906,1108,3.8899,5.8061,0.8834,331,3.3797,777,4.1073
MLP,TERRA,ALL,train,1.0224165581780906,7756,2.8636,4.9431,0.9164,2317,2.7252,5439,2.9226
MLP,TERRA,t+1,val,1.0224165581780906,135,0.8999,2.6504,0.9579,37,1.5875,98,0.6402
MLP,TERRA,t+2,val,1.0224165581780906,135,1.5176,3.6038,0.9213,37,2.2705,98,1.2333
MLP,TERRA,t+3,val,1.0224165581780906,135,1.72,3.2995,0.9335,37,1.9522,98,1.6324
MLP,TERRA,t+4,val,1.0224165581780906,135,1.9187,2.9465,0.9464,37,1.8579,98,1.9416
MLP,TERRA,t+5,val,1.0224165581780906,135,2.2084,3.0602,0.9417,37,2.2521,98,2.1919
MLP,TERRA,t+6,val,1.0224165581780906,135,2.6964,3.6519,0.9162,37,2.7749,98,2.6668
MLP,TERRA,t+7,val,1.0224165581780906,135,3.2706,4.4804,0.8776,37,3.4494,98,3.2031
MLP,TERRA,ALL,val,1.0224165581780906,945,2.0331,3.43,0.9281,259,2.3063,686,1.9299
MLP,TERRA,t+1,test,1.0224165581780906,144,1.5139,3.8802,0.913,35,3.7708,109,0.7892
MLP,TERRA,t+2,test,1.0224165581780906,144,2.4657,4.975,0.852,35,3.9439,109,1.991
MLP,TERRA,t+3,test,1.0224165581780906,144,3.299,5.6415,0.8039,35,4.1713,109,3.019
MLP,TERRA,t+4,test,1.0224165581780906,144,3.9148,6.0911,0.7678,35,4.0966,109,3.8564
MLP,TERRA,t+5,test,1.0224165581780906,144,4.5776,6.6077,0.7262,35,5.2501,109,4.3617
MLP,TERRA,t+6,test,1.0224165581780906,144,5.1289,7.2251,0.6771,35,4.7842,109,5.2396
MLP,TERRA,t+7,test,1.0224165581780906,144,5.8773,8.1163,0.6058,35,5.3805,109,6.0368
MLP,TERRA,ALL,test,1.0224165581780906,1008,3.8253,6.216,0.7652,245,4.4853,763,3.6134
LSTM,TERRA,t+1,train,3.0,750,1.2753,2.9604,0.9694,238,1.7003,512,1.0778
LSTM,TERRA,t+2,train,3.0,750,2.3423,4.6957,0.9227,238,2.5959,512,2.2244
LSTM,TERRA,t+3,train,3.0,750,3.2342,5.8393,0.8798,238,3.3414,512,3.1844
LSTM,TERRA,t+4,train,3.0,750,4.0055,6.6847,0.8417,238,3.8208,512,4.0914
LSTM,TERRA,t+5,train,3.0,750,4.6076,7.3796,0.806,238,4.1701,512,4.8109
LSTM,TERRA,t+6,train,3.0,750,5.0821,7.8803,0.7775,238,4.6091,512,5.302
LSTM,TERRA,t+7,train,3.0,750,5.4659,8.3474,0.749,238,4.9295,512,5.7152
LSTM,TERRA,ALL,train,3.0,5250,3.7161,6.5009,0.8503,1666,3.5953,3584,3.7723
LSTM,TERRA,t+1,val,3.0,129,1.0568,2.7612,0.9466,34,1.4863,95,0.9031
LSTM,TERRA,t+2,val,3.0,129,1.9991,3.9988,0.8867,34,2.3718,95,1.8657
LSTM,TERRA,t+3,val,3.0,129,2.5064,4.0894,0.881,34,2.3883,95,2.5487
LSTM,TERRA,t+4,val,3.0,129,2.7761,4.123,0.8783,34,2.3538,95,2.9272
LSTM,TERRA,t+5,val,3.0,129,3.2142,4.4673,0.8566,34,2.6522,95,3.4153
LSTM,TERRA,t+6,val,3.0,129,3.7169,5.1066,0.8131,34,3.1655,95,3.9143
LSTM,TERRA,t+7,val,3.0,129,4.298,5.8795,0.7655,34,3.6429,95,4.5325
LSTM,TERRA,ALL,val,3.0,903,2.7954,4.4391,0.8613,238,2.5801,665,2.8724
LSTM,TERRA,t+1,test,3.0,143,1.7313,3.9727,0.9077,34,3.7681,109,1.096
LSTM,TERRA,t+2,test,3.0,143,2.8514,5.2046,0.836,34,4.126,109,2.4539
LSTM,TERRA,t+3,test,3.0,143,3.6068,6.0054,0.7752,34,4.5786,109,3.3036
LSTM,TERRA,t+4,test,3.0,143,3.8808,6.3786,0.7428,34,4.6444,109,3.6426
LSTM,TERRA,t+5,test,3.0,143,4.3623,6.8427,0.7045,34,5.8781,109,3.8895
LSTM,TERRA,t+6,test,3.0,143,4.8002,7.3971,0.6608,34,5.5332,109,4.5715
LSTM,TERRA,t+7,test,3.0,143,5.671,8.1236,0.6053,34,5.8652,109,5.6104
LSTM,TERRA,ALL,test,3.0,1001,3.8434,6.4048,0.7487,238,4.9134,763,3.5096
Ridge,METEO,t+1,train,1.014832669554902,1108,1.7702,3.4134,0.9607,331,1.8886,777,1.7197
Ridge,METEO,t+2,train,1.014832669554902,1108,2.8387,4.8641,0.9198,331,2.8528,777,2.8327
Ridge,METEO,t+3,train,1.014832669554902,1108,3.6636,5.731,0.888,331,3.4164,777,3.7689
Ridge,METEO,t+4,train,1.014832669554902,1108,4.3167,6.3942,0.8598,331,3.8958,777,4.4959
Ridge,METEO,t+5,train,1.014832669554902,1108,4.7892,6.8975,0.8364,331,4.3427,777,4.9794
Ridge,METEO,t+6,train,1.014832669554902,1108,5.1315,7.3338,0.8145,331,4.6399,777,5.3409
Ridge,METEO,t+7,train,1.014832669554902,1108,5.4409,7.6733,0.7963,331,5.0749,777,5.5968
Ridge,METEO,ALL,train,1.014832669554902,7756,3.993,6.2023,0.8684,2317,3.7301,5439,4.1049
Ridge,METEO,t+1,val,1.014832669554902,135,1.5184,2.6799,0.957,37,1.6736,98,1.4598
Ridge,METEO,t+2,val,1.014832669554902,135,2.678,4.2065,0.8928,37,2.9324,98,2.5819
Ridge,METEO,t+3,val,1.014832669554902,135,3.3068,4.5514,0.8735,37,2.7657,98,3.5111
Ridge,METEO,t+4,val,1.014832669554902,135,3.8843,5.0588,0.8419,37,2.7342,98,4.3185
Ridge,METEO,t+5,val,1.014832669554902,135,4.8197,6.0661,0.7709,37,3.3083,98,5.3903
Ridge,METEO,t+6,val,1.014832669554902,135,5.4997,6.9686,0.6948,37,3.7649,98,6.1547
Ridge,METEO,t+7,val,1.014832669554902,135,6.1575,7.8311,0.6262,37,4.5787,98,6.7536
Ridge,METEO,ALL,val,1.014832669554902,945,3.9806,5.5789,0.8099,259,3.1083,686,4.31
Ridge,METEO,t+1,test,1.014832669554902,144,2.1527,4.1374,0.9011,35,3.5719,109,1.697
Ridge,METEO,t+2,test,1.014832669554902,144,3.3676,5.3029,0.8318,35,3.9931,109,3.1667
Ridge,METEO,t+3,test,1.014832669554902,144,4.3535,6.4627,0.7427,35,5.0451,109,4.1315
Ridge,METEO,t+4,test,1.014832669554902,144,4.8436,7.0084,0.6927,35,5.4582,109,4.6462
Ridge,METEO,t+5,test,1.014832669554902,144,5.6585,7.9854,0.6002,35,7.1854,109,5.1682
Ridge,METEO,t+6,test,1.014832669554902,144,6.0974,8.4868,0.5545,35,6.2767,109,6.0398
Ridge,METEO,t+7,test,1.014832669554902,144,6.7904,9.0789,0.5067,35,6.7414,109,6.8061
Ridge,METEO,ALL,test,1.014832669554902,1008,4.7519,7.1148,0.6923,245,5.4674,763,4.5222
RF,METEO,t+1,train,9.228271956173026,1108,1.5457,3.4608,0.9596,331,1.5591,777,1.5399
RF,METEO,t+2,train,9.228271956173026,1108,2.5452,4.8252,0.9211,331,2.2916,777,2.6532
RF,METEO,t+3,train,9.228271956173026,1108,3.3094,5.5412,0.8953,331,2.7626,777,3.5423
RF,METEO,t+4,train,9.228271956173026,1108,3.9204,6.1264,0.8713,331,3.2059,777,4.2247
RF,METEO,t+5,train,9.228271956173026,1108,4.3746,6.589,0.8507,331,3.597,777,4.7058
RF,METEO,t+6,train,9.228271956173026,1108,4.769,7.0443,0.8288,331,3.9826,777,5.1041
RF,METEO,t+7,train,9.228271956173026,1108,5.1483,7.4767,0.8066,331,4.3853,777,5.4733
RF,METEO,ALL,train,9.228271956173026,7756,3.6589,6.0052,0.8766,2317,3.112,5439,3.8919
RF,METEO,t+1,val,9.228271956173026,135,1.0984,2.5835,0.96,37,1.5245,98,0.9376
RF,METEO,t+2,val,9.228271956173026,135,2.007,3.7261,0.9159,37,2.3054,98,1.8944
RF,METEO,t+3,val,9.228271956173026,135,2.5581,4.015,0.9016,37,2.2057,98,2.6912
RF,METEO,t+4,val,9.228271956173026,135,3.0038,4.3454,0.8833,37,2.214,98,3.3019
RF,METEO,t+5,val,9.228271956173026,135,3.5835,4.9123,0.8498,37,2.5578,98,3.9708
RF,METEO,t+6,val,9.228271956173026,135,4.1072,5.5156,0.8088,37,3.0376,98,4.511
RF,METEO,t+7,val,9.228271956173026,135,4.6751,6.31,0.7573,37,3.5704,98,5.0922
RF,METEO,ALL,val,9.228271956173026,945,3.0047,4.628,0.8692,259,2.4879,686,3.1999
RF,METEO,t+1,test,9.228271956173026,144,1.6898,3.9423,0.9102,35,3.4587,109,1.1218
RF,METEO,t+2,test,9.228271956173026,144,2.792,5.0817,0.8456,35,3.7078,109,2.498
RF,METEO,t+3,test,9.228271956173026,144,3.7424,6.0149,0.7771,35,4.5172,109,3.4936
RF,METEO,t+4,test,9.228271956173026,144,4.2853,6.5797,0.7291,35,4.968,109,4.066
RF,METEO,t+5,test,9.228271956173026,144,4.9298,7.1081,0.6832,35,6.5157,109,4.4205
RF,METEO,t+6,test,9.228271956173026,144,5.3599,7.6716,0.6359,35,6.3398,109,5.0452
RF,METEO,t+7,test,9.228271956173026,144,6.1103,8.4048,0.5772,35,6.8199,109,5.8824
RF,METEO,ALL,test,9.228271956173026,1008,4.1299,6.5559,0.7388,245,5.1896,763,3.7896
MLP,METEO,t+1,train,7.6538515730369046,1108,1.6095,3.7612,0.9523,331,1.7996,777,1.5286
MLP,METEO,t+2,train,7.6538515730369046,1108,2.7116,5.3208,0.904,331,2.7804,777,2.6822
MLP,METEO,t+3,train,7.6538515730369046,1108,3.5346,6.18,0.8697,331,3.3578,777,3.61
MLP,METEO,t+4,train,7.6538515730369046,1108,4.3693,6.9191,0.8359,331,3.7729,777,4.6234
MLP,METEO,t+5,train,7.6538515730369046,1108,4.8036,7.4751,0.8078,331,4.1243,777,5.0929
MLP,METEO,t+6,train,7.6538515730369046,1108,5.3848,8.0373,0.7772,331,4.5296,777,5.7491
MLP,METEO,t+7,train,7.6538515730369046,1108,5.6734,8.3228,0.7603,331,4.8047,777,6.0435
MLP,METEO,ALL,train,7.6538515730369046,7756,4.0124,6.7429,0.8445,2317,3.5956,5439,4.19
MLP,METEO,t+1,val,7.6538515730369046,135,1.1833,2.7447,0.9549,37,1.6658,98,1.0012
MLP,METEO,t+2,val,7.6538515730369046,135,2.0707,3.9602,0.905,37,2.5199,98,1.9012
MLP,METEO,t+3,val,7.6538515730369046,135,2.4572,3.9705,0.9037,37,2.4554,98,2.458
MLP,METEO,t+4,val,7.6538515730369046,135,2.8731,4.1432,0.894,37,2.391,98,3.0551
MLP,METEO,t+5,val,7.6538515730369046,135,3.1791,4.4888,0.8745,37,2.5812,98,3.4048
MLP,METEO,t+6,val,7.6538515730369046,135,3.6783,4.9459,0.8463,37,3.0065,98,3.9319
MLP,METEO,t+7,val,7.6538515730369046,135,4.1764,5.8634,0.7904,37,3.5464,98,4.4143
MLP,METEO,ALL,val,7.6538515730369046,945,2.8026,4.3938,0.8821,259,2.5952,686,2.8809
MLP,METEO,t+1,test,7.6538515730369046,144,1.6985,3.9308,0.9107,35,3.6706,109,1.0653
MLP,METEO,t+2,test,7.6538515730369046,144,2.7772,5.0624,0.8467,35,4.0934,109,2.3545
MLP,METEO,t+3,test,7.6538515730369046,144,3.481,5.8286,0.7907,35,4.5044,109,3.1523
MLP,METEO,t+4,test,7.6538515730369046,144,3.9637,6.2907,0.7524,35,5.0058,109,3.629
MLP,METEO,t+5,test,7.6538515730369046,144,4.2829,6.675,0.7206,35,5.9108,109,3.7602
MLP,METEO,t+6,test,7.6538515730369046,144,5.0836,7.5807,0.6445,35,6.1013,109,4.7568
MLP,METEO,t+7,test,7.6538515730369046,144,5.7238,8.2283,0.5948,35,6.2269,109,5.5623
MLP,METEO,ALL,test,7.6538515730369046,1008,3.8587,6.3735,0.7531,245,5.0733,763,3.4686
LSTM,METEO,t+1,train,3.0,764,1.3433,2.9979,0.969,252,1.7798,512,1.1285
LSTM,METEO,t+2,train,3.0,764,2.5335,4.8534,0.9187,252,2.847,512,2.3792
LSTM,METEO,t+3,train,3.0,764,3.3331,5.7585,0.8849,252,3.4191,512,3.2908
LSTM,METEO,t+4,train,3.0,764,4.0404,6.4936,0.8528,252,3.953,512,4.0835
LSTM,METEO,t+5,train,3.0,764,4.4534,6.9389,0.8309,252,4.1873,512,4.5843
LSTM,METEO,t+6,train,3.0,764,5.0729,7.5043,0.801,252,4.9029,512,5.1565
LSTM,METEO,t+7,train,3.0,764,5.4463,7.8983,0.7782,252,5.2507,512,5.5425
LSTM,METEO,ALL,train,3.0,5348,3.7461,6.2646,0.8629,1764,3.7628,3584,3.7379
LSTM,METEO,t+1,val,3.0,129,1.2119,2.8138,0.9445,34,1.641,95,1.0584
LSTM,METEO,t+2,val,3.0,129,2.0542,3.9539,0.8892,34,2.5175,95,1.8883
LSTM,METEO,t+3,val,3.0,129,2.6091,4.0986,0.8805,34,2.5866,95,2.6171
LSTM,METEO,t+4,val,3.0,129,2.9358,4.155,0.8764,34,2.4809,95,3.0987
LSTM,METEO,t+5,val,3.0,129,3.4517,4.6193,0.8467,34,2.8297,95,3.6743
LSTM,METEO,t+6,val,3.0,129,3.8318,5.1882,0.8071,34,3.3318,95,4.0107
LSTM,METEO,t+7,val,3.0,129,4.5497,6.0962,0.7479,34,4.295,95,4.6408
LSTM,METEO,ALL,val,3.0,903,2.9492,4.5203,0.8562,238,2.8118,665,2.9983
LSTM,METEO,t+1,test,3.0,143,1.8166,4.0183,0.9056,34,3.6795,109,1.2355
LSTM,METEO,t+2,test,3.0,143,2.7643,5.1225,0.8411,34,3.939,109,2.3979
LSTM,METEO,t+3,test,3.0,143,3.552,5.8791,0.7846,34,4.3901,109,3.2906
LSTM,METEO,t+4,test,3.0,143,4.0697,6.1925,0.7576,34,4.7374,109,3.8615
LSTM,METEO,t+5,test,3.0,143,4.4098,6.4537,0.7371,34,5.4897,109,4.0729
LSTM,METEO,t+6,test,3.0,143,4.7106,6.9384,0.7016,34,5.2239,109,4.5505
LSTM,METEO,t+7,test,3.0,143,5.3735,7.6169,0.653,34,5.8839,109,5.2143
LSTM,METEO,ALL,test,3.0,1001,3.8138,6.1308,0.7698,238,4.7634,763,3.5176
Ridge,TERRA_ACQUA,t+1,train,6.175829196130604,1108,1.7423,3.6583,0.9549,331,1.7442,777,1.7414
Ridge,TERRA_ACQUA,t+2,train,6.175829196130604,1108,2.9344,5.1107,0.9114,331,2.779,777,3.0006
Ridge,TERRA_ACQUA,t+3,train,6.175829196130604,1108,3.8538,6.0432,0.8754,331,3.3876,777,4.0524
Ridge,TERRA_ACQUA,t+4,train,6.175829196130604,1108,4.4732,6.7236,0.845,331,3.791,777,4.7638
Ridge,TERRA_ACQUA,t+5,train,6.175829196130604,1108,4.946,7.2645,0.8185,331,4.092,777,5.3097
Ridge,TERRA_ACQUA,t+6,train,6.175829196130604,1108,5.3728,7.7363,0.7936,331,4.3974,777,5.7883
Ridge,TERRA_ACQUA,t+7,train,6.175829196130604,1108,5.7137,8.0745,0.7744,331,4.7736,777,6.1142
Ridge,TERRA_ACQUA,ALL,train,6.175829196130604,7756,4.148,6.5362,0.8539,2317,3.5664,5439,4.3958
Ridge,TERRA_ACQUA,t+1,val,6.175829196130604,135,1.3377,2.6086,0.9592,37,1.8759,98,1.1345
Ridge,TERRA_ACQUA,t+2,val,6.175829196130604,135,2.387,4.1382,0.8963,37,2.8879,98,2.1978
Ridge,TERRA_ACQUA,t+3,val,6.175829196130604,135,3.0603,4.8187,0.8582,37,2.8749,98,3.1303
Ridge,TERRA_ACQUA,t+4,val,6.175829196130604,135,3.4338,4.9593,0.8481,37,3.0843,98,3.5658
Ridge,TERRA_ACQUA,t+5,val,6.175829196130604,135,3.6782,5.1349,0.8358,37,3.3419,98,3.8051
Ridge,TERRA_ACQUA,t+6,val,6.175829196130604,135,3.8673,5.3492,0.8202,37,3.4828,98,4.0125
Ridge,TERRA_ACQUA,t+7,val,6.175829196130604,135,4.2795,5.8816,0.7891,37,3.8338,98,4.4478
Ridge,TERRA_ACQUA,ALL,val,6.175829196130604,945,3.1491,4.8006,0.8593,259,3.0545,686,3.1848
Ridge,TERRA_ACQUA,t+1,test,6.175829196130604,144,2.0488,4.2332,0.8964,35,3.969,109,1.4322
Ridge,TERRA_ACQUA,t+2,test,6.175829196130604,144,3.2663,5.307,0.8316,35,4.2997,109,2.9345
Ridge,TERRA_ACQUA,t+3,test,6.175829196130604,144,4.1027,6.0155,0.7771,35,4.6224,109,3.9358
Ridge,TERRA_ACQUA,t+4,test,6.175829196130604,144,4.2041,5.7845,0.7906,35,5.0243,109,3.9408
Ridge,TERRA_ACQUA,t+5,test,6.175829196130604,144,4.2998,5.8098,0.7884,35,4.9058,109,4.1052
Ridge,TERRA_ACQUA,t+6,test,6.175829196130604,144,4.7409,6.6697,0.7248,35,4.8451,109,4.7075
Ridge,TERRA_ACQUA,t+7,test,6.175829196130604,144,5.8365,7.9778,0.6191,35,5.8311,109,5.8382
Ridge,TERRA_ACQUA,ALL,test,6.175829196130604,1008,4.0713,6.0665,0.7763,245,4.7854,763,3.842
RF,TERRA_ACQUA,t+1,train,4.48659555250005,1108,0.8887,2.1383,0.9846,331,0.8405,777,0.9093
RF,TERRA_ACQUA,t+2,train,4.48659555250005,1108,1.2717,2.6494,0.9762,331,1.0949,777,1.347
RF,TERRA_ACQUA,t+3,train,4.48659555250005,1108,1.4949,2.8421,0.9724,331,1.2007,777,1.6203
RF,TERRA_ACQUA,t+4,train,4.48659555250005,1108,1.6211,2.9205,0.9708,331,1.3102,777,1.7535
RF,TERRA_ACQUA,t+5,train,4.48659555250005,1108,1.6915,2.9489,0.9701,331,1.3688,777,1.8289
RF,TERRA_ACQUA,t+6,train,4.48659555250005,1108,1.7671,2.9947,0.9691,331,1.4287,777,1.9112
RF,TERRA_ACQUA,t+7,train,4.48659555250005,1108,1.8871,3.1353,0.966,331,1.5232,777,2.0422
RF,TERRA_ACQUA,ALL,train,4.48659555250005,7756,1.5174,2.8207,0.9728,2317,1.2524,5439,1.6303
RF,TERRA_ACQUA,t+1,val,4.48659555250005,135,1.0351,2.5406,0.9613,37,1.4789,98,0.8675
RF,TERRA_ACQUA,t+2,val,4.48659555250005,135,1.8768,3.7917,0.9129,37,2.3326,98,1.7047
RF,TERRA_ACQUA,t+3,val,4.48659555250005,135,2.3025,3.7988,0.9119,37,2.2025,98,2.3403
RF,TERRA_ACQUA,t+4,val,4.48659555250005,135,2.7104,3.9109,0.9055,37,2.2609,98,2.8801
RF,TERRA_ACQUA,t+5,val,4.48659555250005,135,3.1979,4.305,0.8846,37,2.571,98,3.4346
RF,TERRA_ACQUA,t+6,val,4.48659555250005,135,3.9003,5.0927,0.837,37,3.2042,98,4.1631
RF,TERRA_ACQUA,t+7,val,4.48659555250005,135,4.7543,6.0706,0.7754,37,4.1426,98,4.9852
RF,TERRA_ACQUA,ALL,val,4.48659555250005,945,2.8253,4.3405,0.8849,259,2.599,686,2.9108
RF,TERRA_ACQUA,t+1,test,4.48659555250005,144,1.7138,3.9209,0.9111,35,3.5565,109,1.1222
RF,TERRA_ACQUA,t+2,test,4.48659555250005,144,2.65,4.6834,0.8688,35,3.7419,109,2.2993
RF,TERRA_ACQUA,t+3,test,4.48659555250005,144,3.3012,5.2281,0.8316,35,4.0817,109,3.0505
RF,TERRA_ACQUA,t+4,test,4.48659555250005,144,3.7937,5.6299,0.8017,35,4.4223,109,3.5919
RF,TERRA_ACQUA,t+5,test,4.48659555250005,144,4.2526,6.0309,0.7719,35,5.6263,109,3.8116
RF,TERRA_ACQUA,t+6,test,4.48659555250005,144,4.8372,6.7551,0.7177,35,5.5956,109,4.5937
RF,TERRA_ACQUA,t+7,test,4.48659555250005,144,5.7809,7.681,0.6469,35,6.5967,109,5.519
RF,TERRA_ACQUA,ALL,test,4.48659555250005,1008,3.7613,5.8228,0.7939,245,4.803,763,3.4269
MLP,TERRA_ACQUA,t+1,train,8.017143220651878,1108,1.5483,3.7493,0.9526,331,1.7576,777,1.4591
MLP,TERRA_ACQUA,t+2,train,8.017143220651878,1108,2.585,5.2008,0.9083,331,2.6302,777,2.5657
MLP,TERRA_ACQUA,t+3,train,8.017143220651878,1108,3.3947,6.1078,0.8728,331,3.1732,777,3.489
MLP,TERRA_ACQUA,t+4,train,8.017143220651878,1108,4.1273,6.8419,0.8395,331,3.5888,777,4.3568
MLP,TERRA_ACQUA,t+5,train,8.017143220651878,1108,4.5404,7.4254,0.8104,331,3.8801,777,4.8216
MLP,TERRA_ACQUA,t+6,train,8.017143220651878,1108,5.1416,8.0002,0.7792,331,4.269,777,5.5134
MLP,TERRA_ACQUA,t+7,train,8.017143220651878,1108,5.5793,8.4168,0.7549,331,4.7268,777,5.9424
MLP,TERRA_ACQUA,ALL,train,8.017143220651878,7756,3.8452,6.7104,0.846,2317,3.4322,5439,4.0211
MLP,TERRA_ACQUA,t+1,val,8.017143220651878,135,1.117,2.6624,0.9575,37,1.6035,98,0.9333
MLP,TERRA_ACQUA,t+2,val,8.017143220651878,135,1.9633,3.7305,0.9157,37,2.3495,98,1.8174
MLP,TERRA_ACQUA,t+3,val,8.017143220651878,135,2.38,3.8341,0.9102,37,2.2675,98,2.4225
MLP,TERRA_ACQUA,t+4,val,8.017143220651878,135,2.7338,4.085,0.8969,37,2.2039,98,2.9338
MLP,TERRA_ACQUA,t+5,val,8.017143220651878,135,3.1018,4.4682,0.8757,37,2.5431,98,3.3127
MLP,TERRA_ACQUA,t+6,val,8.017143220651878,135,3.4971,4.8943,0.8494,37,2.7724,98,3.7708
MLP,TERRA_ACQUA,t+7,val,8.017143220651878,135,4.0596,5.6458,0.8057,37,3.3864,98,4.3137
MLP,TERRA_ACQUA,ALL,val,8.017143220651878,945,2.6932,4.2793,0.8882,259,2.4466,686,2.7863
MLP,TERRA_ACQUA,t+1,test,8.017143220651878,144,1.6971,3.9343,0.9105,35,3.4637,109,1.1299
MLP,TERRA_ACQUA,t+2,test,8.017143220651878,144,2.6327,5.0921,0.8449,35,3.5026,109,2.3534
MLP,TERRA_ACQUA,t+3,test,8.017143220651878,144,3.3162,5.7205,0.7984,35,3.9017,109,3.1282
MLP,TERRA_ACQUA,t+4,test,8.017143220651878,144,3.7926,6.1859,0.7606,35,4.0102,109,3.7228
MLP,TERRA_ACQUA,t+5,test,8.017143220651878,144,4.0758,6.2796,0.7527,35,4.6295,109,3.8981
MLP,TERRA_ACQUA,t+6,test,8.017143220651878,144,4.6335,7.0344,0.6939,35,4.7569,109,4.5939
MLP,TERRA_ACQUA,t+7,test,8.017143220651878,144,5.4904,7.7446,0.6411,35,5.8172,109,5.3855
MLP,TERRA_ACQUA,ALL,test,8.017143220651878,1008,3.6626,6.1096,0.7731,245,4.2974,763,3.4588
LSTM,TERRA_ACQUA,t+1,train,3.0,742,0.731,1.9147,0.9873,236,0.8131,506,0.6928
LSTM,TERRA_ACQUA,t+2,train,3.0,742,0.9639,2.3516,0.9807,236,0.898,506,0.9946
LSTM,TERRA_ACQUA,t+3,train,3.0,742,1.1037,2.3632,0.9804,236,0.9486,506,1.1761
LSTM,TERRA_ACQUA,t+4,train,3.0,742,1.2082,2.4875,0.9782,236,0.9913,506,1.3094
LSTM,TERRA_ACQUA,t+5,train,3.0,742,1.2961,2.543,0.977,236,1.0307,506,1.4199
LSTM,TERRA_ACQUA,t+6,train,3.0,742,1.4436,2.6698,0.9745,236,1.1596,506,1.576
LSTM,TERRA_ACQUA,t+7,train,3.0,742,1.7173,3.0343,0.9669,236,1.3819,506,1.8738
LSTM,TERRA_ACQUA,ALL,train,3.0,5194,1.2091,2.5006,0.978,1652,1.0319,3542,1.2918
LSTM,TERRA_ACQUA,t+1,val,3.0,129,0.9421,2.2497,0.9645,34,1.1808,95,0.8567
LSTM,TERRA_ACQUA,t+2,val,3.0,129,1.5996,3.1634,0.9291,34,1.4193,95,1.6641
LSTM,TERRA_ACQUA,t+3,val,3.0,129,1.8926,3.2009,0.9271,34,1.3034,95,2.1034
LSTM,TERRA_ACQUA,t+4,val,3.0,129,2.2583,3.3651,0.919,34,1.5282,95,2.5196
LSTM,TERRA_ACQUA,t+5,val,3.0,129,2.5984,3.6037,0.9067,34,1.8935,95,2.8506
LSTM,TERRA_ACQUA,t+6,val,3.0,129,2.6931,3.8991,0.8911,34,2.0403,95,2.9267
LSTM,TERRA_ACQUA,t+7,val,3.0,129,3.2,4.9557,0.8334,34,2.2676,95,3.5337
LSTM,TERRA_ACQUA,ALL,val,3.0,903,2.1692,3.5734,0.9101,238,1.6619,665,2.3507
LSTM,TERRA_ACQUA,t+1,test,3.0,143,2.3036,3.9885,0.907,34,3.826,109,1.8287
LSTM,TERRA_ACQUA,t+2,test,3.0,143,3.9707,5.5467,0.8137,34,4.6381,109,3.7626
LSTM,TERRA_ACQUA,t+3,test,3.0,143,4.9618,6.7477,0.7162,34,5.2223,109,4.8806
LSTM,TERRA_ACQUA,t+4,test,3.0,143,5.8803,7.7677,0.6186,34,5.7419,109,5.9235
LSTM,TERRA_ACQUA,t+5,test,3.0,143,6.0307,8.1352,0.5823,34,6.0314,109,6.0305
LSTM,TERRA_ACQUA,t+6,test,3.0,143,6.6376,8.7592,0.5244,34,6.3674,109,6.7219
LSTM,TERRA_ACQUA,t+7,test,3.0,143,7.7973,9.9064,0.413,34,7.592,109,7.8613
LSTM,TERRA_ACQUA,ALL,test,3.0,1001,5.3689,7.4984,0.6556,238,5.6313,763,5.287
Ridge,TERRA_METEO,t+1,train,5.707041634999143,1108,1.9156,3.5698,0.957,331,1.5233,777,2.0827
Ridge,TERRA_METEO,t+2,train,5.707041634999143,1108,3.0632,4.9598,0.9166,331,2.4836,777,3.3102
Ridge,TERRA_METEO,t+3,train,5.707041634999143,1108,3.9167,5.8321,0.884,331,2.9801,777,4.3158
Ridge,TERRA_METEO,t+4,train,5.707041634999143,1108,4.5036,6.4938,0.8554,331,3.35,777,4.9951
Ridge,TERRA_METEO,t+5,train,5.707041634999143,1108,4.9337,6.9532,0.8337,331,3.6102,777,5.4976
Ridge,TERRA_METEO,t+6,train,5.707041634999143,1108,5.2668,7.3733,0.8125,331,3.8661,777,5.8635
Ridge,TERRA_METEO,t+7,train,5.707041634999143,1108,5.5491,7.7276,0.7934,331,4.1659,777,6.1384
Ridge,TERRA_METEO,ALL,train,5.707041634999143,7756,4.1641,6.2787,0.8652,2317,3.1399,5439,4.6005
Ridge,TERRA_METEO,t+1,val,5.707041634999143,135,1.7802,2.6744,0.9571,37,1.7119,98,1.8059
Ridge,TERRA_METEO,t+2,val,5.707041634999143,135,2.979,4.1823,0.8941,37,2.8516,98,3.027
Ridge,TERRA_METEO,t+3,val,5.707041634999143,135,3.4886,4.6182,0.8697,37,2.7778,98,3.757
Ridge,TERRA_METEO,t+4,val,5.707041634999143,135,3.8932,5.0609,0.8418,37,2.8819,98,4.275
Ridge,TERRA_METEO,t+5,val,5.707041634999143,135,4.6671,5.9435,0.7801,37,3.4797,98,5.1153
Ridge,TERRA_METEO,t+6,val,5.707041634999143,135,5.3031,6.7543,0.7133,37,3.9471,98,5.8151
Ridge,TERRA_METEO,t+7,val,5.707041634999143,135,6.0146,7.7596,0.633,37,4.7595,98,6.4885
Ridge,TERRA_METEO,ALL,val,5.707041634999143,945,4.018,5.5129,0.8144,259,3.2014,686,4.3263
Ridge,TERRA_METEO,t+1,test,5.707041634999143,144,2.3392,4.35,0.8906,35,3.8924,109,1.8405
Ridge,TERRA_METEO,t+2,test,5.707041634999143,144,3.4019,5.0337,0.8485,35,3.8403,109,3.2611
Ridge,TERRA_METEO,t+3,test,5.707041634999143,144,4.5157,6.591,0.7324,35,4.5809,109,4.4947
Ridge,TERRA_METEO,t+4,test,5.707041634999143,144,5.0954,7.1062,0.684,35,5.0122,109,5.1222
Ridge,TERRA_METEO,t+5,test,5.707041634999143,144,5.9312,8.1121,0.5874,35,6.818,109,5.6464
Ridge,TERRA_METEO,t+6,test,5.707041634999143,144,6.4081,8.8059,0.5203,35,6.1987,109,6.4753
Ridge,TERRA_METEO,t+7,test,5.707041634999143,144,7.1516,9.2209,0.4912,35,6.7752,109,7.2724
Ridge,TERRA_METEO,ALL,test,5.707041634999143,1008,4.9776,7.2366,0.6817,245,5.3025,763,4.8732
RF,TERRA_METEO,t+1,train,9.30611739073827,1108,1.5331,3.3203,0.9628,331,1.581,777,1.5127
RF,TERRA_METEO,t+2,train,9.30611739073827,1108,2.4627,4.4774,0.932,331,2.251,777,2.5529
RF,TERRA_METEO,t+3,train,9.30611739073827,1108,3.1918,5.1631,0.9091,331,2.6571,777,3.4197
RF,TERRA_METEO,t+4,train,9.30611739073827,1108,3.7414,5.7133,0.8881,331,2.9948,777,4.0594
RF,TERRA_METEO,t+5,train,9.30611739073827,1108,4.1891,6.1484,0.87,331,3.32,777,4.5594
RF,TERRA_METEO,t+6,train,9.30611739073827,1108,4.6059,6.6255,0.8486,331,3.6525,777,5.0121
RF,TERRA_METEO,t+7,train,9.30611739073827,1108,4.9817,7.0756,0.8268,331,4.0213,777,5.3909
RF,TERRA_METEO,ALL,train,9.30611739073827,7756,3.5294,5.6332,0.8915,2317,2.9254,5439,3.7867
RF,TERRA_METEO,t+1,val,9.30611739073827,135,1.1203,2.6269,0.9587,37,1.6356,98,0.9257
RF,TERRA_METEO,t+2,val,9.30611739073827,135,2.0089,3.7499,0.9148,37,2.5044,98,1.8218
RF,TERRA_METEO,t+3,val,9.30611739073827,135,2.5277,3.8791,0.9081,37,2.5091,98,2.5347
RF,TERRA_METEO,t+4,val,9.30611739073827,135,2.9232,4.0897,0.8967,37,2.5195,98,3.0756
RF,TERRA_METEO,t+5,val,9.30611739073827,135,3.4118,4.5498,0.8711,37,2.8632,98,3.619
RF,TERRA_METEO,t+6,val,9.30611739073827,135,3.9388,5.1716,0.8319,37,3.3804,98,4.1496
RF,TERRA_METEO,t+7,val,9.30611739073827,135,4.5516,6.0656,0.7757,37,3.9691,98,4.7714
RF,TERRA_METEO,ALL,val,9.30611739073827,945,2.926,4.4235,0.8805,259,2.7688,686,2.9854
RF,TERRA_METEO,t+1,test,9.30611739073827,144,1.6224,3.8891,0.9126,35,3.4931,109,1.0217
RF,TERRA_METEO,t+2,test,9.30611739073827,144,2.6007,4.9437,0.8538,35,3.6438,109,2.2658
RF,TERRA_METEO,t+3,test,9.30611739073827,144,3.4379,5.7161,0.7987,35,4.4033,109,3.1279
RF,TERRA_METEO,t+4,test,9.30611739073827,144,3.9394,6.2743,0.7537,35,4.8281,109,3.654
RF,TERRA_METEO,t+5,test,9.30611739073827,144,4.5015,6.7282,0.7162,35,6.3158,109,3.919
RF,TERRA_METEO,t+6,test,9.30611739073827,144,5.0147,7.3376,0.6669,35,6.1549,109,4.6486
RF,TERRA_METEO,t+7,test,9.30611739073827,144,5.9177,8.1797,0.5996,35,6.773,109,5.6431
RF,TERRA_METEO,ALL,test,9.30611739073827,1008,3.862,6.2976,0.7589,245,5.0874,763,3.4686
MLP,TERRA_METEO,t+1,train,8.459374472258007,1108,1.6564,3.7974,0.9514,331,1.8289,777,1.583
MLP,TERRA_METEO,t+2,train,8.459374472258007,1108,2.7914,5.3652,0.9024,331,2.8069,777,2.7848
MLP,TERRA_METEO,t+3,train,8.459374472258007,1108,3.689,6.2726,0.8658,331,3.3281,777,3.8427
MLP,TERRA_METEO,t+4,train,8.459374472258007,1108,4.4147,7.0319,0.8305,331,3.7902,777,4.6808
MLP,TERRA_METEO,t+5,train,8.459374472258007,1108,5.0062,7.609,0.8009,331,4.1738,777,5.3608
MLP,TERRA_METEO,t+6,train,8.459374472258007,1108,5.3695,8.0363,0.7773,331,4.419,777,5.7744
MLP,TERRA_METEO,t+7,train,8.459374472258007,1108,5.7165,8.3715,0.7575,331,4.8112,777,6.1021
MLP,TERRA_METEO,ALL,train,8.459374472258007,7756,4.0919,6.8092,0.8414,2317,3.594,5439,4.3041
MLP,TERRA_METEO,t+1,val,8.459374472258007,135,1.1456,2.7565,0.9545,37,1.6572,98,0.9525
MLP,TERRA_METEO,t+2,val,8.459374472258007,135,2.0175,3.9197,0.9069,37,2.4932,98,1.8379
MLP,TERRA_METEO,t+3,val,8.459374472258007,135,2.4631,3.9781,0.9034,37,2.4508,98,2.4677
MLP,TERRA_METEO,t+4,val,8.459374472258007,135,2.7935,4.0764,0.8973,37,2.3792,98,2.95
MLP,TERRA_METEO,t+5,val,8.459374472258007,135,3.2535,4.4572,0.8763,37,2.6847,98,3.4683
MLP,TERRA_METEO,t+6,val,8.459374472258007,135,3.6339,4.9563,0.8456,37,3.0352,98,3.8599
MLP,TERRA_METEO,t+7,val,8.459374472258007,135,4.2376,5.767,0.7973,37,3.5939,98,4.4807
MLP,TERRA_METEO,ALL,val,8.459374472258007,945,2.7921,4.3605,0.8839,259,2.6135,686,2.8596
MLP,TERRA_METEO,t+1,test,8.459374472258007,144,1.765,3.9688,0.909,35,3.8066,109,1.1094
MLP,TERRA_METEO,t+2,test,8.459374472258007,144,2.8368,5.0998,0.8445,35,4.2697,109,2.3767
MLP,TERRA_METEO,t+3,test,8.459374472258007,144,3.5307,5.8003,0.7927,35,4.7227,109,3.1479
MLP,TERRA_METEO,t+4,test,8.459374472258007,144,3.9944,6.2419,0.7562,35,5.1007,109,3.6392
MLP,TERRA_METEO,t+5,test,8.459374472258007,144,4.4434,6.6297,0.7244,35,6.156,109,3.8935
MLP,TERRA_METEO,t+6,test,8.459374472258007,144,4.9738,7.3779,0.6633,35,5.9518,109,4.6598
MLP,TERRA_METEO,t+7,test,8.459374472258007,144,5.4749,7.8104,0.6349,35,6.0087,109,5.3035
MLP,TERRA_METEO,ALL,test,8.459374472258007,1008,3.8599,6.2536,0.7623,245,5.1452,763,3.4472
LSTM,TERRA_METEO,t+1,train,3.0,746,0.9992,2.4706,0.9788,236,1.2386,510,0.8884
LSTM,TERRA_METEO,t+2,train,3.0,746,1.5268,3.3634,0.9605,236,1.4689,510,1.5536
LSTM,TERRA_METEO,t+3,train,3.0,746,1.8751,3.6457,0.9533,236,1.6098,510,1.9979
LSTM,TERRA_METEO,t+4,train,3.0,746,2.075,3.6783,0.9522,236,1.6906,510,2.2529
LSTM,TERRA_METEO,t+5,train,3.0,746,2.2474,3.7857,0.949,236,1.8146,510,2.4478
LSTM,TERRA_METEO,t+6,train,3.0,746,2.4705,4.0477,0.9414,236,1.9768,510,2.699
LSTM,TERRA_METEO,t+7,train,3.0,746,2.8509,4.4968,0.9273,236,2.4339,510,3.0439
LSTM,TERRA_METEO,ALL,train,3.0,5222,2.0064,3.6873,0.952,1652,1.7476,3570,2.1262
LSTM,TERRA_METEO,t+1,val,3.0,129,1.0913,2.7762,0.946,34,1.5681,95,0.9206
LSTM,TERRA_METEO,t+2,val,3.0,129,2.0289,3.9642,0.8887,34,2.6848,95,1.7941
LSTM,TERRA_METEO,t+3,val,3.0,129,2.5506,3.9255,0.8903,34,2.8592,95,2.4402
LSTM,TERRA_METEO,t+4,val,3.0,129,2.859,4.0972,0.8799,34,2.5953,95,2.9534
LSTM,TERRA_METEO,t+5,val,3.0,129,3.1261,4.4405,0.8583,34,2.6658,95,3.2908
LSTM,TERRA_METEO,t+6,val,3.0,129,3.3876,4.9531,0.8242,34,3.2118,95,3.4506
LSTM,TERRA_METEO,t+7,val,3.0,129,3.7725,5.5266,0.7928,34,3.8564,95,3.7425
LSTM,TERRA_METEO,ALL,val,3.0,903,2.688,4.3163,0.8689,238,2.7774,665,2.656
LSTM,TERRA_METEO,t+1,test,3.0,143,1.874,3.9085,0.9107,34,3.6723,109,1.3131
LSTM,TERRA_METEO,t+2,test,3.0,143,3.1044,5.0829,0.8435,34,4.0336,109,2.8145
LSTM,TERRA_METEO,t+3,test,3.0,143,4.0165,6.135,0.7654,34,4.5457,109,3.8514
LSTM,TERRA_METEO,t+4,test,3.0,143,5.0964,7.3657,0.6571,34,5.4675,109,4.9806
LSTM,TERRA_METEO,t+5,test,3.0,143,5.5291,7.838,0.6122,34,6.9171,109,5.0962
LSTM,TERRA_METEO,t+6,test,3.0,143,6.0451,8.3202,0.5709,34,6.6945,109,5.8426
LSTM,TERRA_METEO,t+7,test,3.0,143,6.5942,8.6814,0.5492,34,6.9905,109,6.4705
LSTM,TERRA_METEO,ALL,test,3.0,1001,4.6085,6.9594,0.7033,238,5.4745,763,4.3384
Ridge,ACQUA_METEO,t+1,train,1.2209559163171944,1108,1.7571,3.2929,0.9634,331,1.8357,777,1.7236
Ridge,ACQUA_METEO,t+2,train,1.2209559163171944,1108,2.7763,4.6828,0.9257,331,2.8014,777,2.7656
Ridge,ACQUA_METEO,t+3,train,1.2209559163171944,1108,3.5361,5.5013,0.8968,331,3.3595,777,3.6114
Ridge,ACQUA_METEO,t+4,train,1.2209559163171944,1108,4.1267,6.1256,0.8714,331,3.7319,777,4.2948
Ridge,ACQUA_METEO,t+5,train,1.2209559163171944,1108,4.5745,6.5835,0.8509,331,4.0805,777,4.7849
Ridge,ACQUA_METEO,t+6,train,1.2209559163171944,1108,4.9023,7.0024,0.8309,331,4.3717,777,5.1284
Ridge,ACQUA_METEO,t+7,train,1.2209559163171944,1108,5.1944,7.314,0.8149,331,4.737,777,5.3892
Ridge,ACQUA_METEO,ALL,train,1.2209559163171944,7756,3.8382,5.9333,0.8796,2317,3.5597,5439,3.9568
Ridge,ACQUA_METEO,t+1,val,1.2209559163171944,135,1.5677,2.5317,0.9616,37,1.8002,98,1.4799
Ridge,ACQUA_METEO,t+2,val,1.2209559163171944,135,2.6988,4.2503,0.8906,37,3.0017,98,2.5845
Ridge,ACQUA_METEO,t+3,val,1.2209559163171944,135,3.3411,4.6533,0.8678,37,2.7328,98,3.5708
Ridge,ACQUA_METEO,t+4,val,1.2209559163171944,135,3.8494,5.1,0.8393,37,2.7599,98,4.2608
Ridge,ACQUA_METEO,t+5,val,1.2209559163171944,135,4.6627,5.9845,0.777,37,3.0654,98,5.2657
Ridge,ACQUA_METEO,t+6,val,1.2209559163171944,135,5.3287,6.8133,0.7082,37,3.5362,98,6.0054
Ridge,ACQUA_METEO,t+7,val,1.2209559163171944,135,5.9195,7.6077,0.6472,37,4.5104,98,6.4515
Ridge,ACQUA_METEO,ALL,val,1.2209559163171944,945,3.9097,5.5065,0.8148,259,3.0581,686,4.2312
Ridge,ACQUA_METEO,t+1,test,1.2209559163171944,144,2.4227,4.0513,0.9051,35,3.5099,109,2.0736
Ridge,ACQUA_METEO,t+2,test,1.2209559163171944,144,3.5632,5.2511,0.8351,35,4.0085,109,3.4202
Ridge,ACQUA_METEO,t+3,test,1.2209559163171944,144,4.6487,6.6923,0.7241,35,5.0079,109,4.5334
Ridge,ACQUA_METEO,t+4,test,1.2209559163171944,144,5.1482,6.9721,0.6958,35,5.2344,109,5.1205
Ridge,ACQUA_METEO,t+5,test,1.2209559163171944,144,5.8684,7.8943,0.6092,35,6.1338,109,5.7833
Ridge,ACQUA_METEO,t+6,test,1.2209559163171944,144,6.4322,8.9016,0.5098,35,5.5677,109,6.7097
Ridge,ACQUA_METEO,t+7,test,1.2209559163171944,144,7.3901,9.8306,0.4216,35,6.4688,109,7.686
Ridge,ACQUA_METEO,ALL,test,1.2209559163171944,1008,5.0676,7.3249,0.6739,245,5.133,763,5.0467
RF,ACQUA_METEO,t+1,train,9.989516011872137,1108,1.5335,3.4385,0.9601,331,1.553,777,1.5252
RF,ACQUA_METEO,t+2,train,9.989516011872137,1108,2.53,4.8085,0.9216,331,2.272,777,2.6399
RF,ACQUA_METEO,t+3,train,9.989516011872137,1108,3.2976,5.5507,0.8949,331,2.7542,777,3.5291
RF,ACQUA_METEO,t+4,train,9.989516011872137,1108,3.9098,6.1496,0.8704,331,3.1845,777,4.2188
RF,ACQUA_METEO,t+5,train,9.989516011872137,1108,4.3752,6.6283,0.8489,331,3.5732,777,4.7168
RF,ACQUA_METEO,t+6,train,9.989516011872137,1108,4.7718,7.0943,0.8264,331,3.9541,777,5.1202
RF,ACQUA_METEO,t+7,train,9.989516011872137,1108,5.1444,7.5287,0.8039,331,4.3637,777,5.477
RF,ACQUA_METEO,ALL,train,9.989516011872137,7756,3.6518,6.0299,0.8756,2317,3.0935,5439,3.8896
RF,ACQUA_METEO,t+1,val,9.989516011872137,135,1.095,2.5308,0.9616,37,1.5185,98,0.9351
RF,ACQUA_METEO,t+2,val,9.989516011872137,135,1.987,3.6747,0.9182,37,2.3109,98,1.8647
RF,ACQUA_METEO,t+3,val,9.989516011872137,135,2.5258,3.966,0.9039,37,2.2374,98,2.6347
RF,ACQUA_METEO,t+4,val,9.989516011872137,135,2.9663,4.2951,0.886,37,2.2156,98,3.2498
RF,ACQUA_METEO,t+5,val,9.989516011872137,135,3.5062,4.8253,0.855,37,2.5071,98,3.8834
RF,ACQUA_METEO,t+6,val,9.989516011872137,135,4.0105,5.4193,0.8154,37,2.9466,98,4.4121
RF,ACQUA_METEO,t+7,val,9.989516011872137,135,4.5943,6.2329,0.7632,37,3.546,98,4.9901
RF,ACQUA_METEO,ALL,val,9.989516011872137,945,2.955,4.5605,0.873,259,2.4689,686,3.1386
RF,ACQUA_METEO,t+1,test,9.989516011872137,144,1.6841,3.9273,0.9108,35,3.5016,109,1.1005
RF,ACQUA_METEO,t+2,test,9.989516011872137,144,2.7516,5.0472,0.8477,35,3.7023,109,2.4463
RF,ACQUA_METEO,t+3,test,9.989516011872137,144,3.6291,5.8689,0.7878,35,4.3172,109,3.4081
RF,ACQUA_METEO,t+4,test,9.989516011872137,144,4.1255,6.4037,0.7434,35,4.7295,109,3.9316
RF,ACQUA_METEO,t+5,test,9.989516011872137,144,4.7323,6.8593,0.705,35,6.2102,109,4.2578
RF,ACQUA_METEO,t+6,test,9.989516011872137,144,5.1891,7.4507,0.6566,35,6.0313,109,4.9187
RF,ACQUA_METEO,t+7,test,9.989516011872137,144,5.976,8.1939,0.5982,35,6.5286,109,5.7986
RF,ACQUA_METEO,ALL,test,9.989516011872137,1008,4.0125,6.3925,0.7516,245,5.003,763,3.6945
MLP,ACQUA_METEO,t+1,train,9.300180114087812,1108,1.58,3.5959,0.9564,331,1.569,777,1.5846
MLP,ACQUA_METEO,t+2,train,9.300180114087812,1108,2.563,5.0307,0.9142,331,2.3683,777,2.6459
MLP,ACQUA_METEO,t+3,train,9.300180114087812,1108,3.3904,5.9096,0.8809,331,2.8686,777,3.6127
MLP,ACQUA_METEO,t+4,train,9.300180114087812,1108,4.1149,6.586,0.8513,331,3.2887,777,4.4669
MLP,ACQUA_METEO,t+5,train,9.300180114087812,1108,4.6647,7.2259,0.8204,331,3.617,777,5.111
MLP,ACQUA_METEO,t+6,train,9.300180114087812,1108,5.0788,7.6553,0.7979,331,3.9167,777,5.5738
MLP,ACQUA_METEO,t+7,train,9.300180114087812,1108,5.4797,8.04,0.7763,331,4.4087,777,5.9359
MLP,ACQUA_METEO,ALL,train,9.300180114087812,7756,3.8388,6.4586,0.8573,2317,3.1482,5439,4.133
MLP,ACQUA_METEO,t+1,val,9.300180114087812,135,1.1168,2.5425,0.9613,37,1.5225,98,0.9636
MLP,ACQUA_METEO,t+2,val,9.300180114087812,135,1.956,3.6276,0.9203,37,2.2598,98,1.8412
MLP,ACQUA_METEO,t+3,val,9.300180114087812,135,2.4147,3.9038,0.9069,37,2.2013,98,2.4953
MLP,ACQUA_METEO,t+4,val,9.300180114087812,135,2.8215,4.0993,0.8962,37,2.2939,98,3.0207
MLP,ACQUA_METEO,t+5,val,9.300180114087812,135,3.2069,4.466,0.8758,37,2.5293,98,3.4628
MLP,ACQUA_METEO,t+6,val,9.300180114087812,135,3.7082,5.0189,0.8417,37,2.8849,98,4.0191
MLP,ACQUA_METEO,t+7,val,9.300180114087812,135,4.2696,5.7591,0.7978,37,3.3669,98,4.6104
MLP,ACQUA_METEO,ALL,val,9.300180114087812,945,2.7848,4.309,0.8866,259,2.437,686,2.9161
MLP,ACQUA_METEO,t+1,test,9.300180114087812,144,1.657,3.9123,0.9115,35,3.4686,109,1.0752
MLP,ACQUA_METEO,t+2,test,9.300180114087812,144,2.6441,5.0202,0.8493,35,3.7719,109,2.2819
MLP,ACQUA_METEO,t+3,test,9.300180114087812,144,3.353,5.7556,0.7959,35,4.161,109,3.0935
MLP,ACQUA_METEO,t+4,test,9.300180114087812,144,3.7295,6.0781,0.7688,35,4.5579,109,3.4635
MLP,ACQUA_METEO,t+5,test,9.300180114087812,144,4.16,6.4214,0.7414,35,5.5894,109,3.701
MLP,ACQUA_METEO,t+6,test,9.300180114087812,144,4.6241,6.9999,0.6969,35,5.3848,109,4.3799
MLP,ACQUA_METEO,t+7,test,9.300180114087812,144,5.3592,7.7258,0.6428,35,5.7752,109,5.2256
MLP,ACQUA_METEO,ALL,test,9.300180114087812,1008,3.6467,6.1003,0.7738,245,4.6727,763,3.3172
LSTM,ACQUA_METEO,t+1,train,3.0,742,1.2673,2.8287,0.9723,236,1.5993,506,1.1125
LSTM,ACQUA_METEO,t+2,train,3.0,742,2.3801,4.5355,0.9284,236,2.4732,506,2.3367
LSTM,ACQUA_METEO,t+3,train,3.0,742,3.1399,5.4476,0.896,236,3.1247,506,3.147
LSTM,ACQUA_METEO,t+4,train,3.0,742,3.7007,6.1311,0.8674,236,3.3844,506,3.8482
LSTM,ACQUA_METEO,t+5,train,3.0,742,4.0885,6.6035,0.8452,236,3.7974,506,4.2243
LSTM,ACQUA_METEO,t+6,train,3.0,742,4.7835,7.2623,0.8116,236,4.4934,506,4.9188
LSTM,ACQUA_METEO,t+7,train,3.0,742,4.7417,7.3015,0.8085,236,4.3979,506,4.9021
LSTM,ACQUA_METEO,ALL,train,3.0,5194,3.4431,5.9221,0.8763,1652,3.3243,3542,3.4985
LSTM,ACQUA_METEO,t+1,val,3.0,129,1.1683,2.7484,0.9471,34,1.5725,95,1.0236
LSTM,ACQUA_METEO,t+2,val,3.0,129,2.0651,3.9141,0.8915,34,2.4893,95,1.9133
LSTM,ACQUA_METEO,t+3,val,3.0,129,2.6434,4.0627,0.8825,34,2.4761,95,2.7033
LSTM,ACQUA_METEO,t+4,val,3.0,129,3.3201,4.5979,0.8487,34,2.5852,95,3.5831
LSTM,ACQUA_METEO,t+5,val,3.0,129,3.4704,4.6692,0.8434,34,2.6512,95,3.7636
LSTM,ACQUA_METEO,t+6,val,3.0,129,3.8264,5.0609,0.8165,34,3.2753,95,4.0236
LSTM,ACQUA_METEO,t+7,val,3.0,129,4.3815,5.7794,0.7734,34,3.6028,95,4.6601
LSTM,ACQUA_METEO,ALL,val,3.0,903,2.9822,4.4934,0.8579,238,2.6646,665,3.0958
LSTM,ACQUA_METEO,t+1,test,3.0,143,1.7415,3.9386,0.9093,34,3.656,109,1.1443
LSTM,ACQUA_METEO,t+2,test,3.0,143,2.7407,5.1571,0.8389,34,3.9288,109,2.3701
LSTM,ACQUA_METEO,t+3,test,3.0,143,3.5401,5.7974,0.7905,34,4.4694,109,3.2503
LSTM,ACQUA_METEO,t+4,test,3.0,143,4.1442,6.3302,0.7467,34,4.8412,109,3.9268
LSTM,ACQUA_METEO,t+5,test,3.0,143,4.4771,6.8107,0.7072,34,5.8925,109,4.0356
LSTM,ACQUA_METEO,t+6,test,3.0,143,4.9008,7.2424,0.6749,34,5.4387,109,4.733
LSTM,ACQUA_METEO,t+7,test,3.0,143,5.3595,7.5269,0.6611,34,5.4332,109,5.3365
LSTM,ACQUA_METEO,ALL,test,3.0,1001,3.8434,6.2253,0.7626,238,4.8085,763,3.5424
Ridge,TOTALE,t+1,train,2.897501329485217,1108,1.7841,3.2732,0.9639,331,1.6396,777,1.8456
Ridge,TOTALE,t+2,train,2.897501329485217,1108,2.8628,4.6101,0.9279,331,2.5663,777,2.9891
Ridge,TOTALE,t+3,train,2.897501329485217,1108,3.6389,5.4307,0.8994,331,3.095,777,3.8707
Ridge,TOTALE,t+4,train,2.897501329485217,1108,4.1953,6.033,0.8752,331,3.4389,777,4.5175
Ridge,TOTALE,t+5,train,2.897501329485217,1108,4.6009,6.4598,0.8565,331,3.6784,777,4.994
Ridge,TOTALE,t+6,train,2.897501329485217,1108,4.9269,6.8636,0.8375,331,3.9744,777,5.3327
Ridge,TOTALE,t+7,train,2.897501329485217,1108,5.1758,7.1762,0.8218,331,4.2797,777,5.5575
Ridge,TOTALE,ALL,train,2.897501329485217,7756,3.8835,5.8333,0.8836,2317,3.2389,5439,4.1582
Ridge,TOTALE,t+1,val,2.897501329485217,135,1.6023,2.4729,0.9634,37,1.8553,98,1.5068
Ridge,TOTALE,t+2,val,2.897501329485217,135,2.8087,4.1592,0.8952,37,3.0249,98,2.7271
Ridge,TOTALE,t+3,val,2.897501329485217,135,3.4943,4.6888,0.8657,37,2.846,98,3.7391
Ridge,TOTALE,t+4,val,2.897501329485217,135,4.0719,5.1997,0.833,37,3.1338,98,4.426
Ridge,TOTALE,t+5,val,2.897501329485217,135,4.8509,6.0561,0.7716,37,3.5763,98,5.3321
Ridge,TOTALE,t+6,val,2.897501329485217,135,5.359,6.7775,0.7113,37,3.9249,98,5.9004
Ridge,TOTALE,t+7,val,2.897501329485217,135,5.7798,7.48,0.659,37,4.5885,98,6.2295
Ridge,TOTALE,ALL,val,2.897501329485217,945,3.9953,5.4902,0.8159,259,3.2785,686,4.2659
Ridge,TOTALE,t+1,test,2.897501329485217,144,2.4092,4.1023,0.9027,35,3.5348,109,2.0478
Ridge,TOTALE,t+2,test,2.897501329485217,144,3.4342,4.9608,0.8528,35,3.6928,109,3.3512
Ridge,TOTALE,t+3,test,2.897501329485217,144,4.6507,6.6307,0.7292,35,4.8342,109,4.5918
Ridge,TOTALE,t+4,test,2.897501329485217,144,5.2327,6.8407,0.7072,35,5.0572,109,5.289
Ridge,TOTALE,t+5,test,2.897501329485217,144,6.0755,7.947,0.604,35,6.5064,109,5.9371
Ridge,TOTALE,t+6,test,2.897501329485217,144,6.6092,8.8478,0.5157,35,5.9552,109,6.8193
Ridge,TOTALE,t+7,test,2.897501329485217,144,7.4459,9.6433,0.4435,35,6.6966,109,7.6866
Ridge,TOTALE,ALL,test,2.897501329485217,1008,5.1225,7.2371,0.6817,245,5.1825,763,5.1032
RF,TOTALE,t+1,train,7.155073051162985,1108,1.2082,2.7066,0.9753,331,1.1695,777,1.2247
RF,TOTALE,t+2,train,7.155073051162985,1108,1.8994,3.4668,0.9593,331,1.6228,777,2.0172
RF,TOTALE,t+3,train,7.155073051162985,1108,2.3911,3.8705,0.9489,331,1.84,777,2.6258
RF,TOTALE,t+4,train,7.155073051162985,1108,2.7526,4.2084,0.9393,331,2.0263,777,3.062
RF,TOTALE,t+5,train,7.155073051162985,1108,3.022,4.4538,0.9318,331,2.1882,777,3.3772
RF,TOTALE,t+6,train,7.155073051162985,1108,3.2781,4.762,0.9218,331,2.3399,777,3.6778
RF,TOTALE,t+7,train,7.155073051162985,1108,3.5906,5.1823,0.9071,331,2.606,777,4.01
RF,TOTALE,ALL,train,7.155073051162985,7756,2.5917,4.1646,0.9407,2317,1.9704,5439,2.8564
RF,TOTALE,t+1,val,7.155073051162985,135,1.0928,2.4322,0.9646,37,1.5394,98,0.9242
RF,TOTALE,t+2,val,7.155073051162985,135,1.9582,3.5994,0.9215,37,2.3836,98,1.7976
RF,TOTALE,t+3,val,7.155073051162985,135,2.4893,3.819,0.9109,37,2.4079,98,2.52
RF,TOTALE,t+4,val,7.155073051162985,135,2.9563,4.1104,0.8956,37,2.449,98,3.1478
RF,TOTALE,t+5,val,7.155073051162985,135,3.4733,4.6617,0.8647,37,2.7691,98,3.7392
RF,TOTALE,t+6,val,7.155073051162985,135,4.011,5.2935,0.8239,37,3.2937,98,4.2819
RF,TOTALE,t+7,val,7.155073051162985,135,4.6696,6.1411,0.7701,37,3.9668,98,4.935
RF,TOTALE,ALL,val,7.155073051162985,945,2.9501,4.4371,0.8798,259,2.6871,686,3.0494
RF,TOTALE,t+1,test,7.155073051162985,144,1.6858,3.9016,0.912,35,3.496,109,1.1046
RF,TOTALE,t+2,test,7.155073051162985,144,2.7171,4.8816,0.8575,35,3.6793,109,2.4081
RF,TOTALE,t+3,test,7.155073051162985,144,3.5648,5.6469,0.8036,35,4.3423,109,3.3152
RF,TOTALE,t+4,test,7.155073051162985,144,4.102,6.195,0.7599,35,4.7097,109,3.9069
RF,TOTALE,t+5,test,7.155073051162985,144,4.597,6.4821,0.7365,35,5.9515,109,4.1621
RF,TOTALE,t+6,test,7.155073051162985,144,5.1209,7.1162,0.6867,35,5.8519,109,4.8862
RF,TOTALE,t+7,test,7.155073051162985,144,5.9267,7.9151,0.6251,35,6.5434,109,5.7287
RF,TOTALE,ALL,test,7.155073051162985,1008,3.9592,6.1485,0.7702,245,4.9392,763,3.6445
MLP,TOTALE,t+1,train,7.0223496386332664,1108,1.5272,3.7073,0.9536,331,1.6624,777,1.4696
MLP,TOTALE,t+2,train,7.0223496386332664,1108,2.5591,5.1647,0.9096,331,2.5345,777,2.5695
MLP,TOTALE,t+3,train,7.0223496386332664,1108,3.3325,5.9881,0.8777,331,2.9689,777,3.4874
MLP,TOTALE,t+4,train,7.0223496386332664,1108,3.9803,6.6774,0.8471,331,3.3447,777,4.2511
MLP,TOTALE,t+5,train,7.0223496386332664,1108,4.5578,7.3086,0.8163,331,3.7923,777,4.8839
MLP,TOTALE,t+6,train,7.0223496386332664,1108,5.0578,7.8125,0.7895,331,4.2463,777,5.4035
MLP,TOTALE,t+7,train,7.0223496386332664,1108,5.4379,8.2074,0.7669,331,4.7001,777,5.7522
MLP,TOTALE,ALL,train,7.0223496386332664,7756,3.7789,6.5757,0.8521,2317,3.3213,5439,3.9739
MLP,TOTALE,t+1,val,7.0223496386332664,135,1.1198,2.6907,0.9566,37,1.6197,98,0.9311
MLP,TOTALE,t+2,val,7.0223496386332664,135,1.8818,3.7304,0.9157,37,2.3724,98,1.6966
MLP,TOTALE,t+3,val,7.0223496386332664,135,2.3227,3.869,0.9086,37,2.2778,98,2.3397
MLP,TOTALE,t+4,val,7.0223496386332664,135,2.687,4.0675,0.8978,37,2.2057,98,2.8688
MLP,TOTALE,t+5,val,7.0223496386332664,135,3.096,4.4764,0.8752,37,2.4806,98,3.3284
MLP,TOTALE,t+6,val,7.0223496386332664,135,3.6296,5.0296,0.841,37,2.9223,98,3.8966
MLP,TOTALE,t+7,val,7.0223496386332664,135,4.1545,5.6968,0.8022,37,3.4508,98,4.4201
MLP,TOTALE,ALL,val,7.0223496386332664,945,2.6988,4.317,0.8862,259,2.4756,686,2.783
MLP,TOTALE,t+1,test,7.0223496386332664,144,1.7,3.9661,0.9091,35,3.5188,109,1.1159
MLP,TOTALE,t+2,test,7.0223496386332664,144,2.5807,5.0185,0.8494,35,3.6591,109,2.2345
MLP,TOTALE,t+3,test,7.0223496386332664,144,3.2964,5.7633,0.7954,35,4.0596,109,3.0513
MLP,TOTALE,t+4,test,7.0223496386332664,144,3.7055,6.1773,0.7612,35,4.3337,109,3.5037
MLP,TOTALE,t+5,test,7.0223496386332664,144,4.1675,6.5107,0.7342,35,5.4844,109,3.7447
MLP,TOTALE,t+6,test,7.0223496386332664,144,4.5943,6.9794,0.6987,35,5.2452,109,4.3853
MLP,TOTALE,t+7,test,7.0223496386332664,144,5.3408,7.6145,0.653,35,5.707,109,5.2232
MLP,TOTALE,ALL,test,7.0223496386332664,1008,3.6265,6.1106,0.7731,245,4.5726,763,3.3227
LSTM,TOTALE,t+1,train,3.0,742,0.6737,1.8788,0.9878,236,0.7216,506,0.6513
LSTM,TOTALE,t+2,train,3.0,742,0.9426,2.4781,0.9786,236,0.7848,506,1.0163
LSTM,TOTALE,t+3,train,3.0,742,1.0929,2.507,0.978,236,0.8062,506,1.2267
LSTM,TOTALE,t+4,train,3.0,742,1.1854,2.5474,0.9771,236,0.9027,506,1.3172
LSTM,TOTALE,t+5,train,3.0,742,1.3115,2.7064,0.974,236,0.957,506,1.4768
LSTM,TOTALE,t+6,train,3.0,742,1.3831,2.8236,0.9715,236,0.9756,506,1.5731
LSTM,TOTALE,t+7,train,3.0,742,1.5655,3.2646,0.9617,236,1.0972,506,1.784
LSTM,TOTALE,ALL,train,3.0,5194,1.165,2.6295,0.9756,1652,0.8922,3542,1.2922
LSTM,TOTALE,t+1,val,3.0,129,1.0497,2.2473,0.9646,34,1.5152,95,0.8831
LSTM,TOTALE,t+2,val,3.0,129,1.9421,3.182,0.9283,34,2.2014,95,1.8493
LSTM,TOTALE,t+3,val,3.0,129,2.1101,3.3257,0.9213,34,1.5621,95,2.3062
LSTM,TOTALE,t+4,val,3.0,129,2.6263,3.812,0.896,34,1.8264,95,2.9125
LSTM,TOTALE,t+5,val,3.0,129,3.0304,4.3116,0.8664,34,2.0888,95,3.3674
LSTM,TOTALE,t+6,val,3.0,129,3.4689,4.8832,0.8291,34,2.3389,95,3.8733
LSTM,TOTALE,t+7,val,3.0,129,3.8778,5.3015,0.8093,34,3.0694,95,4.1671
LSTM,TOTALE,ALL,val,3.0,903,2.5865,3.9876,0.8881,238,2.086,665,2.7656
LSTM,TOTALE,t+1,test,3.0,143,1.8428,4.0932,0.902,34,3.8282,109,1.2235
LSTM,TOTALE,t+2,test,3.0,143,3.2139,5.6554,0.8063,34,4.3341,109,2.8645
LSTM,TOTALE,t+3,test,3.0,143,4.0423,6.4352,0.7419,34,4.7293,109,3.8281
LSTM,TOTALE,t+4,test,3.0,143,4.7519,7.527,0.6419,34,4.7751,109,4.7447
LSTM,TOTALE,t+5,test,3.0,143,5.5235,8.3952,0.5551,34,5.9549,109,5.3889
LSTM,TOTALE,t+6,test,3.0,143,5.8694,8.3827,0.5644,34,6.0855,109,5.802
LSTM,TOTALE,t+7,test,3.0,143,6.765,9.2643,0.4866,34,7.4508,109,6.5511
LSTM,TOTALE,ALL,test,3.0,1001,4.5727,7.3035,0.6732,238,5.3083,763,4.3432
